,曲名,アーティスト名,Streams,URL,danceability,energy,key,loudness,mode,speechiness,acousticness,instrumentalness,liveness,valence,tempo,type,id,uri,track_href,analysis_url,duration_ms,time_signature
0,Butter,BTS,220821,https://open.spotify.com/track/2bgTY4UwhfBYhGT4HUYStN,0.759,0.459,8,-5.187,1,0.0948,0.00323,0.0,0.0906,0.695,109.997,audio_features,2bgTY4UwhfBYhGT4HUYStN,spotify:track:2bgTY4UwhfBYhGT4HUYStN,https://api.spotify.com/v1/tracks/2bgTY4UwhfBYhGT4HUYStN,https://api.spotify.com/v1/audio-analysis/2bgTY4UwhfBYhGT4HUYStN,164442,4
1,Permission to Dance,BTS,216084,https://open.spotify.com/track/5eXBXreN3d1zdj6Sa8dS0u,0.702,0.741,9,-5.33,1,0.0427,0.00544,0.0,0.337,0.646,124.925,audio_features,5eXBXreN3d1zdj6Sa8dS0u,spotify:track:5eXBXreN3d1zdj6Sa8dS0u,https://api.spotify.com/v1/tracks/5eXBXreN3d1zdj6Sa8dS0u,https://api.spotify.com/v1/audio-analysis/5eXBXreN3d1zdj6Sa8dS0u,187585,4
2,ドライフラワー,優里,206058,https://open.spotify.com/track/7dH0dpi751EoguDDg3xx6J,0.463,0.624,7,-5.118,1,0.0274,0.426,0.0,0.221,0.521,147.929,audio_features,7dH0dpi751EoguDDg3xx6J,spotify:track:7dH0dpi751EoguDDg3xx6J,https://api.spotify.com/v1/tracks/7dH0dpi751EoguDDg3xx6J,https://api.spotify.com/v1/audio-analysis/7dH0dpi751EoguDDg3xx6J,285587,4
3,水平線,back number,199046,https://open.spotify.com/track/5m1i6hq7dmRlp3c1utE48L,0.419,0.75,10,-3.546,1,0.0316,0.011,0.0,0.159,0.436,145.867,audio_features,5m1i6hq7dmRlp3c1utE48L,spotify:track:5m1i6hq7dmRlp3c1utE48L,https://api.spotify.com/v1/tracks/5m1i6hq7dmRlp3c1utE48L,https://api.spotify.com/v1/audio-analysis/5m1i6hq7dmRlp3c1utE48L,285396,4
4,Cry Baby,Official HIGE DANdism,197666,https://open.spotify.com/track/6wDntdm888mDo458RaYjGl,0.346,0.901,1,-4.617,1,0.12,0.0103,0.0,0.358,0.434,199.934,audio_features,6wDntdm888mDo458RaYjGl,spotify:track:6wDntdm888mDo458RaYjGl,https://api.spotify.com/v1/tracks/6wDntdm888mDo458RaYjGl,https://api.spotify.com/v1/audio-analysis/6wDntdm888mDo458RaYjGl,241680,4
5,きらり,Fujii Kaze,192018,https://open.spotify.com/track/3ciqhcLmXP4hVGBD98QlEj,0.746,0.764,2,-6.833,1,0.0462,0.00803,0.0,0.357,0.701,116.982,audio_features,3ciqhcLmXP4hVGBD98QlEj,spotify:track:3ciqhcLmXP4hVGBD98QlEj,https://api.spotify.com/v1/tracks/3ciqhcLmXP4hVGBD98QlEj,https://api.spotify.com/v1/audio-analysis/3ciqhcLmXP4hVGBD98QlEj,231883,4
6,Dynamite,BTS,189221,https://open.spotify.com/track/4saklk6nie3yiGePpBwUoc,0.746,0.765,6,-4.41,0,0.0993,0.0112,0.0,0.0936,0.737,114.044,audio_features,4saklk6nie3yiGePpBwUoc,spotify:track:4saklk6nie3yiGePpBwUoc,https://api.spotify.com/v1/tracks/4saklk6nie3yiGePpBwUoc,https://api.spotify.com/v1/audio-analysis/4saklk6nie3yiGePpBwUoc,199054,4
7,STAY (with Justin Bieber),The Kid LAROI,181679,https://open.spotify.com/track/5PjdY0CKGZdEuoNab3yDmX,0.591,0.764,1,-5.484,1,0.0483,0.0383,0.0,0.103,0.478,169.928,audio_features,5PjdY0CKGZdEuoNab3yDmX,spotify:track:5PjdY0CKGZdEuoNab3yDmX,https://api.spotify.com/v1/tracks/5PjdY0CKGZdEuoNab3yDmX,https://api.spotify.com/v1/audio-analysis/5PjdY0CKGZdEuoNab3yDmX,141806,4
8,夜に駆ける,YOASOBI,170951,https://open.spotify.com/track/6MCjmGYlw6mQVWRFVgBRvB,0.663,0.871,8,-5.287,1,0.03,0.00299,1.8e-06,0.337,0.826,130.025,audio_features,6MCjmGYlw6mQVWRFVgBRvB,spotify:track:6MCjmGYlw6mQVWRFVgBRvB,https://api.spotify.com/v1/tracks/6MCjmGYlw6mQVWRFVgBRvB,https://api.spotify.com/v1/audio-analysis/6MCjmGYlw6mQVWRFVgBRvB,258840,4
9,怪物,YOASOBI,159700,https://open.spotify.com/track/06XQvnJb53SUYmlWIhUXUi,0.627,0.824,1,-3.419,1,0.118,0.0699,6.57e-05,0.31,0.774,169.935,audio_features,06XQvnJb53SUYmlWIhUXUi,spotify:track:06XQvnJb53SUYmlWIhUXUi,https://api.spotify.com/v1/tracks/06XQvnJb53SUYmlWIhUXUi,https://api.spotify.com/v1/audio-analysis/06XQvnJb53SUYmlWIhUXUi,206000,4
10,群青,YOASOBI,157694,https://open.spotify.com/track/1zd35Y44Blc1CwwVbW3Qnk,0.725,0.853,10,-3.193,1,0.0516,0.305,0.0,0.115,0.707,134.991,audio_features,1zd35Y44Blc1CwwVbW3Qnk,spotify:track:1zd35Y44Blc1CwwVbW3Qnk,https://api.spotify.com/v1/tracks/1zd35Y44Blc1CwwVbW3Qnk,https://api.spotify.com/v1/audio-analysis/1zd35Y44Blc1CwwVbW3Qnk,248027,4
11,ヨワネハキ,MAISONdes,155711,https://open.spotify.com/track/0FOVGBW0RpVRuDuUuN4ZVw,0.78,0.814,7,-3.617,1,0.0291,0.0432,8.28e-05,0.168,0.59,108.025,audio_features,0FOVGBW0RpVRuDuUuN4ZVw,spotify:track:0FOVGBW0RpVRuDuUuN4ZVw,https://api.spotify.com/v1/tracks/0FOVGBW0RpVRuDuUuN4ZVw,https://api.spotify.com/v1/audio-analysis/0FOVGBW0RpVRuDuUuN4ZVw,166967,4
12,勿忘,Awesome City Club,152140,https://open.spotify.com/track/0XZyF9lv6diMt4bxThOL0h,0.448,0.447,6,-7.161,0,0.045,0.234,0.0,0.382,0.299,78.861,audio_features,0XZyF9lv6diMt4bxThOL0h,spotify:track:0XZyF9lv6diMt4bxThOL0h,https://api.spotify.com/v1/tracks/0XZyF9lv6diMt4bxThOL0h,https://api.spotify.com/v1/audio-analysis/0XZyF9lv6diMt4bxThOL0h,251533,4
13,大正浪漫,YOASOBI,147447,https://open.spotify.com/track/3uw93CiI34uZlfk8ywep1e,0.657,0.926,1,-2.938,0,0.042,0.122,0.0,0.263,0.881,129.999,audio_features,3uw93CiI34uZlfk8ywep1e,spotify:track:3uw93CiI34uZlfk8ywep1e,https://api.spotify.com/v1/tracks/3uw93CiI34uZlfk8ywep1e,https://api.spotify.com/v1/audio-analysis/3uw93CiI34uZlfk8ywep1e,168462,4
14,YOKAZE,HENTAI SHINSHI CLUB,145752,https://open.spotify.com/track/6tkSMR8bEIfEcJn7ybJtSP,0.642,0.587,10,-5.53,1,0.0268,0.293,0.0,0.0784,0.361,89.96,audio_features,6tkSMR8bEIfEcJn7ybJtSP,spotify:track:6tkSMR8bEIfEcJn7ybJtSP,https://api.spotify.com/v1/tracks/6tkSMR8bEIfEcJn7ybJtSP,https://api.spotify.com/v1/audio-analysis/6tkSMR8bEIfEcJn7ybJtSP,269547,4
15,踊,Ado,139651,https://open.spotify.com/track/7z6qHGEKxRtwtYym2epV7l,0.707,0.965,1,-0.736,1,0.105,0.15,1.38e-06,0.726,0.777,128.003,audio_features,7z6qHGEKxRtwtYym2epV7l,spotify:track:7z6qHGEKxRtwtYym2epV7l,https://api.spotify.com/v1/tracks/7z6qHGEKxRtwtYym2epV7l,https://api.spotify.com/v1/audio-analysis/7z6qHGEKxRtwtYym2epV7l,208271,4
16,三原色,YOASOBI,139281,https://open.spotify.com/track/3FUCuf498nFHJXFYR1V9Bd,0.443,0.893,5,-3.496,0,0.154,0.128,0.0,0.328,0.826,127.999,audio_features,3FUCuf498nFHJXFYR1V9Bd,spotify:track:3FUCuf498nFHJXFYR1V9Bd,https://api.spotify.com/v1/tracks/3FUCuf498nFHJXFYR1V9Bd,https://api.spotify.com/v1/audio-analysis/3FUCuf498nFHJXFYR1V9Bd,224067,4
17,CITRUS,Da-iCE,137995,https://open.spotify.com/track/2IL2asrtx7XM1y8fu2RMnR,0.549,0.861,1,-2.526,1,0.0459,0.22,0.0,0.361,0.739,82.042,audio_features,2IL2asrtx7XM1y8fu2RMnR,spotify:track:2IL2asrtx7XM1y8fu2RMnR,https://api.spotify.com/v1/tracks/2IL2asrtx7XM1y8fu2RMnR,https://api.spotify.com/v1/audio-analysis/2IL2asrtx7XM1y8fu2RMnR,248653,4
18,My Universe,Coldplay,137216,https://open.spotify.com/track/3FeVmId7tL5YN8B7R3imoM,0.577,0.684,9,-6.6,1,0.0404,0.0117,0.0,0.145,0.424,104.998,audio_features,3FeVmId7tL5YN8B7R3imoM,spotify:track:3FeVmId7tL5YN8B7R3imoM,https://api.spotify.com/v1/tracks/3FeVmId7tL5YN8B7R3imoM,https://api.spotify.com/v1/audio-analysis/3FeVmId7tL5YN8B7R3imoM,227604,4
19,花占い,Vaundy,127138,https://open.spotify.com/track/4X34YVOtNvldHeEt6aLYDW,0.662,0.789,7,-7.634,0,0.0305,0.0141,0.0,0.317,0.881,135.01,audio_features,4X34YVOtNvldHeEt6aLYDW,spotify:track:4X34YVOtNvldHeEt6aLYDW,https://api.spotify.com/v1/tracks/4X34YVOtNvldHeEt6aLYDW,https://api.spotify.com/v1/audio-analysis/4X34YVOtNvldHeEt6aLYDW,207556,4
20,シャッター,優里,126866,https://open.spotify.com/track/6VwpOZpqx8IqoF201VGAp8,0.606,0.525,5,-7.432,1,0.0356,0.511,0.0,0.33,0.665,74.979,audio_features,6VwpOZpqx8IqoF201VGAp8,spotify:track:6VwpOZpqx8IqoF201VGAp8,https://api.spotify.com/v1/tracks/6VwpOZpqx8IqoF201VGAp8,https://api.spotify.com/v1/audio-analysis/6VwpOZpqx8IqoF201VGAp8,247333,4
21,"Stand by me, Stand by you.",HIRAIDAI,125018,https://open.spotify.com/track/7DyS11kB1YNrfDzQqtjmTh,0.66,0.576,3,-5.627,1,0.0363,0.0879,0.0,0.0599,0.561,80.978,audio_features,7DyS11kB1YNrfDzQqtjmTh,spotify:track:7DyS11kB1YNrfDzQqtjmTh,https://api.spotify.com/v1/tracks/7DyS11kB1YNrfDzQqtjmTh,https://api.spotify.com/v1/audio-analysis/7DyS11kB1YNrfDzQqtjmTh,193013,4
22,アポトーシス,Official HIGE DANdism,120710,https://open.spotify.com/track/222BlW44cS9nOM6C369IB2,0.463,0.691,8,-6.154,1,0.045,0.047,0.0,0.115,0.379,155.898,audio_features,222BlW44cS9nOM6C369IB2,spotify:track:222BlW44cS9nOM6C369IB2,https://api.spotify.com/v1/tracks/222BlW44cS9nOM6C369IB2,https://api.spotify.com/v1/audio-analysis/222BlW44cS9nOM6C369IB2,389707,4
23,もう少しだけ,YOASOBI,115014,https://open.spotify.com/track/2pXmohBUnD5Li93sgpbPSg,0.675,0.746,8,-5.531,1,0.0288,0.12,0.0,0.121,0.533,99.99,audio_features,2pXmohBUnD5Li93sgpbPSg,spotify:track:2pXmohBUnD5Li93sgpbPSg,https://api.spotify.com/v1/tracks/2pXmohBUnD5Li93sgpbPSg,https://api.spotify.com/v1/audio-analysis/2pXmohBUnD5Li93sgpbPSg,220201,4
24,Bluma to Lunch,BLOOM VASE,109773,https://open.spotify.com/track/3EYWY7XBj1BkCKX3R3hoZk,0.756,0.726,7,-5.388,1,0.0489,0.034,0.000455,0.119,0.792,123.98,audio_features,3EYWY7XBj1BkCKX3R3hoZk,spotify:track:3EYWY7XBj1BkCKX3R3hoZk,https://api.spotify.com/v1/tracks/3EYWY7XBj1BkCKX3R3hoZk,https://api.spotify.com/v1/audio-analysis/3EYWY7XBj1BkCKX3R3hoZk,159040,4
25,ラブレター,YOASOBI,109694,https://open.spotify.com/track/185Wm4Mx09dQG0fUktklDm,0.662,0.86,7,-3.534,1,0.0286,0.447,0.0,0.339,0.69,100.016,audio_features,185Wm4Mx09dQG0fUktklDm,spotify:track:185Wm4Mx09dQG0fUktklDm,https://api.spotify.com/v1/tracks/185Wm4Mx09dQG0fUktklDm,https://api.spotify.com/v1/audio-analysis/185Wm4Mx09dQG0fUktklDm,212401,4
26,U,millennium parade,108163,https://open.spotify.com/track/32H7fwKsaYtSl6qiXFI6I6,0.651,0.913,9,-5.667,0,0.0384,0.0437,0.00133,0.311,0.736,120.028,audio_features,32H7fwKsaYtSl6qiXFI6I6,spotify:track:32H7fwKsaYtSl6qiXFI6I6,https://api.spotify.com/v1/tracks/32H7fwKsaYtSl6qiXFI6I6,https://api.spotify.com/v1/audio-analysis/32H7fwKsaYtSl6qiXFI6I6,187267,4
27,Pretender,Official HIGE DANdism,107014,https://open.spotify.com/track/15HNdxGKNCIO9pgaY4n7FU,0.538,0.869,8,-3.464,1,0.0275,0.047,0.0,0.14,0.369,91.972,audio_features,15HNdxGKNCIO9pgaY4n7FU,spotify:track:15HNdxGKNCIO9pgaY4n7FU,https://api.spotify.com/v1/tracks/15HNdxGKNCIO9pgaY4n7FU,https://api.spotify.com/v1/audio-analysis/15HNdxGKNCIO9pgaY4n7FU,326843,4
28,魔法の絨毯,Takaya Kawasaki,106686,https://open.spotify.com/track/3PK5ERLCyMuQ5Cb89GbZVL,0.622,0.309,10,-6.291,0,0.0481,0.776,0.0,0.122,0.571,73.897,audio_features,3PK5ERLCyMuQ5Cb89GbZVL,spotify:track:3PK5ERLCyMuQ5Cb89GbZVL,https://api.spotify.com/v1/tracks/3PK5ERLCyMuQ5Cb89GbZVL,https://api.spotify.com/v1/audio-analysis/3PK5ERLCyMuQ5Cb89GbZVL,208896,4
29,115万キロのフィルム,Official HIGE DANdism,104036,https://open.spotify.com/track/278JqkBGkjDovOYAwE8TW7,0.516,0.791,3,-1.927,1,0.0318,0.00345,0.0,0.141,0.48,96.921,audio_features,278JqkBGkjDovOYAwE8TW7,spotify:track:278JqkBGkjDovOYAwE8TW7,https://api.spotify.com/v1/tracks/278JqkBGkjDovOYAwE8TW7,https://api.spotify.com/v1/audio-analysis/278JqkBGkjDovOYAwE8TW7,324633,4
30,怪盗,back number,103148,https://open.spotify.com/track/10Eyo4juZQFthKqlJgGMdp,0.636,0.847,7,-2.093,1,0.037,0.407,0.0,0.295,0.8,114.028,audio_features,10Eyo4juZQFthKqlJgGMdp,spotify:track:10Eyo4juZQFthKqlJgGMdp,https://api.spotify.com/v1/tracks/10Eyo4juZQFthKqlJgGMdp,https://api.spotify.com/v1/audio-analysis/10Eyo4juZQFthKqlJgGMdp,196226,4
31,点描の唄,Mrs. GREEN APPLE,102682,https://open.spotify.com/track/1sIIlVrnPhrvmTrHtzM7tV,0.502,0.632,0,-4.612,1,0.0273,0.447,0.0,0.103,0.308,152.014,audio_features,1sIIlVrnPhrvmTrHtzM7tV,spotify:track:1sIIlVrnPhrvmTrHtzM7tV,https://api.spotify.com/v1/tracks/1sIIlVrnPhrvmTrHtzM7tV,https://api.spotify.com/v1/audio-analysis/1sIIlVrnPhrvmTrHtzM7tV,307067,4
32,napori,Vaundy,102648,https://open.spotify.com/track/5Ym4egUmT9wHEvZM2anGG8,0.88,0.356,11,-7.802,1,0.297,0.417,0.0,0.0997,0.468,129.822,audio_features,5Ym4egUmT9wHEvZM2anGG8,spotify:track:5Ym4egUmT9wHEvZM2anGG8,https://api.spotify.com/v1/tracks/5Ym4egUmT9wHEvZM2anGG8,https://api.spotify.com/v1/audio-analysis/5Ym4egUmT9wHEvZM2anGG8,203787,4
33,ハルジオン,YOASOBI,101554,https://open.spotify.com/track/08YwAPnX8sygJUXG9rvhDv,0.687,0.873,8,-3.852,1,0.0335,0.0545,0.0,0.318,0.884,130.024,audio_features,08YwAPnX8sygJUXG9rvhDv,spotify:track:08YwAPnX8sygJUXG9rvhDv,https://api.spotify.com/v1/tracks/08YwAPnX8sygJUXG9rvhDv,https://api.spotify.com/v1/audio-analysis/08YwAPnX8sygJUXG9rvhDv,198600,4
34,炎,LiSA,101427,https://open.spotify.com/track/0cSkn2l67csUljEy0EEBPn,0.477,0.685,2,-4.554,1,0.0325,0.105,0.0,0.277,0.308,152.04,audio_features,0cSkn2l67csUljEy0EEBPn,spotify:track:0cSkn2l67csUljEy0EEBPn,https://api.spotify.com/v1/tracks/0cSkn2l67csUljEy0EEBPn,https://api.spotify.com/v1/audio-analysis/0cSkn2l67csUljEy0EEBPn,275000,4
35,猫,DISH//,101114,https://open.spotify.com/track/6sIx7Cn37DGEhjy9hBP8Gx,0.506,0.769,3,-5.326,1,0.0363,0.113,0.0,0.0828,0.536,154.044,audio_features,6sIx7Cn37DGEhjy9hBP8Gx,spotify:track:6sIx7Cn37DGEhjy9hBP8Gx,https://api.spotify.com/v1/tracks/6sIx7Cn37DGEhjy9hBP8Gx,https://api.spotify.com/v1/audio-analysis/6sIx7Cn37DGEhjy9hBP8Gx,276040,4
36,虹,Masaki Suda,100824,https://open.spotify.com/track/7AIj86wFWqm7X1TZ2hzHwS,0.548,0.6,5,-5.049,1,0.0297,0.071,0.0,0.192,0.296,143.961,audio_features,7AIj86wFWqm7X1TZ2hzHwS,spotify:track:7AIj86wFWqm7X1TZ2hzHwS,https://api.spotify.com/v1/tracks/7AIj86wFWqm7X1TZ2hzHwS,https://api.spotify.com/v1/audio-analysis/7AIj86wFWqm7X1TZ2hzHwS,258733,4
37,アンコール,YOASOBI,100539,https://open.spotify.com/track/465JzFiajJO59sUrDFsxdC,0.682,0.669,2,-4.741,1,0.0275,0.283,1e-06,0.145,0.831,81.999,audio_features,465JzFiajJO59sUrDFsxdC,spotify:track:465JzFiajJO59sUrDFsxdC,https://api.spotify.com/v1/tracks/465JzFiajJO59sUrDFsxdC,https://api.spotify.com/v1/audio-analysis/465JzFiajJO59sUrDFsxdC,271440,4
38,うっせぇわ,Ado,100478,https://open.spotify.com/track/6EzZn96uOc9JsVGNRpx06n,0.525,0.978,11,-1.072,0,0.0815,0.00485,0.0,0.06,0.577,178.069,audio_features,6EzZn96uOc9JsVGNRpx06n,spotify:track:6EzZn96uOc9JsVGNRpx06n,https://api.spotify.com/v1/tracks/6EzZn96uOc9JsVGNRpx06n,https://api.spotify.com/v1/audio-analysis/6EzZn96uOc9JsVGNRpx06n,204920,4
39,I LOVE...,Official HIGE DANdism,100286,https://open.spotify.com/track/5wWLNNwMAehpj83FU4Lz0m,0.546,0.663,9,-6.071,1,0.0536,0.00938,0.0,0.178,0.407,171.698,audio_features,5wWLNNwMAehpj83FU4Lz0m,spotify:track:5wWLNNwMAehpj83FU4Lz0m,https://api.spotify.com/v1/tracks/5wWLNNwMAehpj83FU4Lz0m,https://api.spotify.com/v1/audio-analysis/5wWLNNwMAehpj83FU4Lz0m,282680,4
40,Film out,BTS,98544,https://open.spotify.com/track/3UHPGOkUcE4hE7sqBF4Snt,0.499,0.709,10,-6.404,1,0.134,0.296,0.0,0.331,0.314,164.032,audio_features,3UHPGOkUcE4hE7sqBF4Snt,spotify:track:3UHPGOkUcE4hE7sqBF4Snt,https://api.spotify.com/v1/tracks/3UHPGOkUcE4hE7sqBF4Snt,https://api.spotify.com/v1/audio-analysis/3UHPGOkUcE4hE7sqBF4Snt,214621,4
41,あいつら全員同窓会,ZUTOMAYO,98506,https://open.spotify.com/track/2VIK6jaaKghS4QPHr6sAkv,0.724,0.913,2,-2.836,0,0.118,0.453,0.0,0.052,0.913,130.968,audio_features,2VIK6jaaKghS4QPHr6sAkv,spotify:track:2VIK6jaaKghS4QPHr6sAkv,https://api.spotify.com/v1/tracks/2VIK6jaaKghS4QPHr6sAkv,https://api.spotify.com/v1/audio-analysis/2VIK6jaaKghS4QPHr6sAkv,254507,4
42,かくれんぼ,優里,97422,https://open.spotify.com/track/0JTjZnuciQH4M3620aMDtZ,0.671,0.505,9,-7.575,1,0.0629,0.417,0.0,0.124,0.311,156.019,audio_features,0JTjZnuciQH4M3620aMDtZ,spotify:track:0JTjZnuciQH4M3620aMDtZ,https://api.spotify.com/v1/tracks/0JTjZnuciQH4M3620aMDtZ,https://api.spotify.com/v1/audio-analysis/0JTjZnuciQH4M3620aMDtZ,271093,4
43,ハルカ,YOASOBI,96253,https://open.spotify.com/track/5D9MPWdY2hjSeTIGE5n5kv,0.712,0.817,1,-5.123,1,0.0279,0.0717,7.21e-06,0.146,0.679,100.016,audio_features,5D9MPWdY2hjSeTIGE5n5kv,spotify:track:5D9MPWdY2hjSeTIGE5n5kv,https://api.spotify.com/v1/tracks/5D9MPWdY2hjSeTIGE5n5kv,https://api.spotify.com/v1/audio-analysis/5D9MPWdY2hjSeTIGE5n5kv,243613,4
44,春を告げる,yama,96196,https://open.spotify.com/track/2Gmyw5Vg2X5YW2lM3OC7nD,0.548,0.871,11,-5.377,1,0.123,0.0397,0.0,0.357,0.487,120.009,audio_features,2Gmyw5Vg2X5YW2lM3OC7nD,spotify:track:2Gmyw5Vg2X5YW2lM3OC7nD,https://api.spotify.com/v1/tracks/2Gmyw5Vg2X5YW2lM3OC7nD,https://api.spotify.com/v1/audio-analysis/2Gmyw5Vg2X5YW2lM3OC7nD,196497,4
45,裸の心,Aimyon,95273,https://open.spotify.com/track/4Jv7U0JJpbQnOrjtDwDZTZ,0.559,0.448,8,-4.11,1,0.0275,0.537,1.85e-05,0.0915,0.354,148.02,audio_features,4Jv7U0JJpbQnOrjtDwDZTZ,spotify:track:4Jv7U0JJpbQnOrjtDwDZTZ,https://api.spotify.com/v1/tracks/4Jv7U0JJpbQnOrjtDwDZTZ,https://api.spotify.com/v1/audio-analysis/4Jv7U0JJpbQnOrjtDwDZTZ,296653,4
46,ギラギラ,Ado,94565,https://open.spotify.com/track/7D7GCO3CtDT1WDcj2W5VDV,0.651,0.861,2,-4.128,1,0.0568,0.052,0.0,0.0878,0.731,96.014,audio_features,7D7GCO3CtDT1WDcj2W5VDV,spotify:track:7D7GCO3CtDT1WDcj2W5VDV,https://api.spotify.com/v1/tracks/7D7GCO3CtDT1WDcj2W5VDV,https://api.spotify.com/v1/audio-analysis/7D7GCO3CtDT1WDcj2W5VDV,276213,4
47,不可幸力,Vaundy,94534,https://open.spotify.com/track/18nkY3pJTub8WwEGiQAGh4,0.69,0.815,11,-5.227,0,0.0426,0.0157,2.85e-06,0.0636,0.613,94.032,audio_features,18nkY3pJTub8WwEGiQAGh4,spotify:track:18nkY3pJTub8WwEGiQAGh4,https://api.spotify.com/v1/tracks/18nkY3pJTub8WwEGiQAGh4,https://api.spotify.com/v1/audio-analysis/18nkY3pJTub8WwEGiQAGh4,200243,4
48,感電,Kenshi Yonezu,93809,https://open.spotify.com/track/6H0PLsSYMzDOqhLgyOlzIj,0.633,0.723,8,-5.733,0,0.143,0.107,0.0,0.0818,0.688,103.101,audio_features,6H0PLsSYMzDOqhLgyOlzIj,spotify:track:6H0PLsSYMzDOqhLgyOlzIj,https://api.spotify.com/v1/tracks/6H0PLsSYMzDOqhLgyOlzIj,https://api.spotify.com/v1/audio-analysis/6H0PLsSYMzDOqhLgyOlzIj,264533,4
49,Pale Blue,Kenshi Yonezu,93270,https://open.spotify.com/track/52RfEh76AVKPwtUtTV9ufl,0.688,0.457,2,-8.635,1,0.0487,0.206,1.51e-05,0.406,0.445,87.99,audio_features,52RfEh76AVKPwtUtTV9ufl,spotify:track:52RfEh76AVKPwtUtTV9ufl,https://api.spotify.com/v1/tracks/52RfEh76AVKPwtUtTV9ufl,https://api.spotify.com/v1/audio-analysis/52RfEh76AVKPwtUtTV9ufl,296547,4
50,Kaikai Kitan,Eve,93182,https://open.spotify.com/track/6y4GYuZszeXNOXuBFsJlos,0.584,0.911,5,-3.515,0,0.09,0.0119,0.0,0.119,0.606,92.502,audio_features,6y4GYuZszeXNOXuBFsJlos,spotify:track:6y4GYuZszeXNOXuBFsJlos,https://api.spotify.com/v1/tracks/6y4GYuZszeXNOXuBFsJlos,https://api.spotify.com/v1/audio-analysis/6y4GYuZszeXNOXuBFsJlos,221426,4
51,夜撫でるメノウ,Ayase,78870,https://open.spotify.com/track/6IHWPY5iBUI1AOUclbtE6F,0.702,0.732,10,-6.803,1,0.0266,0.0749,0.0,0.297,0.636,100.0,audio_features,6IHWPY5iBUI1AOUclbtE6F,spotify:track:6IHWPY5iBUI1AOUclbtE6F,https://api.spotify.com/v1/tracks/6IHWPY5iBUI1AOUclbtE6F,https://api.spotify.com/v1/audio-analysis/6IHWPY5iBUI1AOUclbtE6F,262800,4
52,Mela!,Ryokuoushoku Shakai,65441,https://open.spotify.com/track/6IO5nn84TKArsi3cjpIqaD,0.619,0.941,8,-1.618,1,0.0584,0.0439,1.73e-05,0.318,0.624,137.967,audio_features,6IO5nn84TKArsi3cjpIqaD,spotify:track:6IO5nn84TKArsi3cjpIqaD,https://api.spotify.com/v1/tracks/6IO5nn84TKArsi3cjpIqaD,https://api.spotify.com/v1/audio-analysis/6IO5nn84TKArsi3cjpIqaD,242067,4
53,夏音,優里,65225,https://open.spotify.com/track/3k6o8UMc7aVgpKqm9epIrU,0.466,0.584,11,-4.942,1,0.0323,0.153,0.0,0.224,0.663,169.923,audio_features,3k6o8UMc7aVgpKqm9epIrU,spotify:track:3k6o8UMc7aVgpKqm9epIrU,https://api.spotify.com/v1/tracks/3k6o8UMc7aVgpKqm9epIrU,https://api.spotify.com/v1/audio-analysis/3k6o8UMc7aVgpKqm9epIrU,237880,4
54,Curtain Call,Shota Shimizu,60355,https://open.spotify.com/track/3JzAKk0CpUlgzS1mPqzBwk,0.656,0.582,0,-5.85,1,0.0329,0.189,0.0,0.243,0.401,85.004,audio_features,3JzAKk0CpUlgzS1mPqzBwk,spotify:track:3JzAKk0CpUlgzS1mPqzBwk,https://api.spotify.com/v1/tracks/3JzAKk0CpUlgzS1mPqzBwk,https://api.spotify.com/v1/audio-analysis/3JzAKk0CpUlgzS1mPqzBwk,267587,4
55,海のリビング,鈴木鈴木,59143,https://open.spotify.com/track/0CZB07xMxIGRfCZT93ynFj,0.652,0.846,10,-4.005,0,0.0374,0.0905,0.0,0.242,0.762,97.998,audio_features,0CZB07xMxIGRfCZT93ynFj,spotify:track:0CZB07xMxIGRfCZT93ynFj,https://api.spotify.com/v1/tracks/0CZB07xMxIGRfCZT93ynFj,https://api.spotify.com/v1/audio-analysis/0CZB07xMxIGRfCZT93ynFj,223600,4
56,ツキミソウ,Novelbright,58012,https://open.spotify.com/track/6sElEqOIGENWjpxGFeo5ct,0.504,0.645,6,-3.244,1,0.0352,0.432,0.0,0.231,0.473,77.959,audio_features,6sElEqOIGENWjpxGFeo5ct,spotify:track:6sElEqOIGENWjpxGFeo5ct,https://api.spotify.com/v1/tracks/6sElEqOIGENWjpxGFeo5ct,https://api.spotify.com/v1/audio-analysis/6sElEqOIGENWjpxGFeo5ct,312053,4
57,なんでも言っちゃって (feat. JP THE WAVY),LEX,57311,https://open.spotify.com/track/0i8TzBtwbHjkYNZWhux80x,0.799,0.676,2,-4.757,0,0.0564,0.0344,0.0,0.0991,0.663,108.004,audio_features,0i8TzBtwbHjkYNZWhux80x,spotify:track:0i8TzBtwbHjkYNZWhux80x,https://api.spotify.com/v1/tracks/0i8TzBtwbHjkYNZWhux80x,https://api.spotify.com/v1/audio-analysis/0i8TzBtwbHjkYNZWhux80x,146667,4
58,Buddy,HIRAIDAI,56313,https://open.spotify.com/track/7xfPyBgb9om8iUooItxHl8,0.786,0.482,6,-6.82,1,0.0477,0.156,0.0,0.34,0.617,89.992,audio_features,7xfPyBgb9om8iUooItxHl8,spotify:track:7xfPyBgb9om8iUooItxHl8,https://api.spotify.com/v1/tracks/7xfPyBgb9om8iUooItxHl8,https://api.spotify.com/v1/audio-analysis/7xfPyBgb9om8iUooItxHl8,174233,4
59,Shining One,BE:FIRST,55895,https://open.spotify.com/track/7DTKSwO1kTAJDu9Q5U73UZ,0.716,0.737,7,-5.671,0,0.0851,0.115,0.0,0.138,0.573,144.986,audio_features,7DTKSwO1kTAJDu9Q5U73UZ,spotify:track:7DTKSwO1kTAJDu9Q5U73UZ,https://api.spotify.com/v1/tracks/7DTKSwO1kTAJDu9Q5U73UZ,https://api.spotify.com/v1/audio-analysis/7DTKSwO1kTAJDu9Q5U73UZ,244107,4
60,ミライチズ,Yoru no Hitowarai,55613,https://open.spotify.com/track/3mSqtn05vfpqAMpFTLsxpi,0.456,0.873,7,-2.086,1,0.0496,0.0849,2.26e-06,0.051,0.604,205.959,audio_features,3mSqtn05vfpqAMpFTLsxpi,spotify:track:3mSqtn05vfpqAMpFTLsxpi,https://api.spotify.com/v1/tracks/3mSqtn05vfpqAMpFTLsxpi,https://api.spotify.com/v1/audio-analysis/3mSqtn05vfpqAMpFTLsxpi,239613,4
61,白日,King Gnu,54768,https://open.spotify.com/track/172fMG26G2OoEzzg0wn26r,0.599,0.891,1,-3.242,1,0.116,0.562,0.0,0.322,0.694,93.029,audio_features,172fMG26G2OoEzzg0wn26r,spotify:track:172fMG26G2OoEzzg0wn26r,https://api.spotify.com/v1/tracks/172fMG26G2OoEzzg0wn26r,https://api.spotify.com/v1/audio-analysis/172fMG26G2OoEzzg0wn26r,276373,4
62,題名のない今日,HIRAIDAI,53887,https://open.spotify.com/track/6skNbV22epX2yHu4O2hYSx,0.707,0.479,11,-6.088,1,0.0328,0.2,0.0,0.384,0.633,87.012,audio_features,6skNbV22epX2yHu4O2hYSx,spotify:track:6skNbV22epX2yHu4O2hYSx,https://api.spotify.com/v1/tracks/6skNbV22epX2yHu4O2hYSx,https://api.spotify.com/v1/audio-analysis/6skNbV22epX2yHu4O2hYSx,193709,4
63,Shivers,Ed Sheeran,53677,https://open.spotify.com/track/75MNhvTCCKsST3YqqUiU9r,0.788,0.859,2,-2.724,1,0.0856,0.281,0.0,0.0424,0.822,141.02,audio_features,75MNhvTCCKsST3YqqUiU9r,spotify:track:75MNhvTCCKsST3YqqUiU9r,https://api.spotify.com/v1/tracks/75MNhvTCCKsST3YqqUiU9r,https://api.spotify.com/v1/audio-analysis/75MNhvTCCKsST3YqqUiU9r,207853,4
64,Tokimeki,Vaundy,53517,https://open.spotify.com/track/18gB0d6DaRPvrQBbl7WEuk,0.657,0.697,5,-7.392,1,0.0297,0.00105,0.0225,0.286,0.915,120.028,audio_features,18gB0d6DaRPvrQBbl7WEuk,spotify:track:18gB0d6DaRPvrQBbl7WEuk,https://api.spotify.com/v1/tracks/18gB0d6DaRPvrQBbl7WEuk,https://api.spotify.com/v1/audio-analysis/18gB0d6DaRPvrQBbl7WEuk,212000,4
65,MIRROR MIRROR,HIRAIDAI,51468,https://open.spotify.com/track/0Sp31BXc9dedQnfKYCiojE,0.595,0.642,11,-4.895,1,0.0544,0.178,0.0,0.091,0.562,157.674,audio_features,0Sp31BXc9dedQnfKYCiojE,spotify:track:0Sp31BXc9dedQnfKYCiojE,https://api.spotify.com/v1/tracks/0Sp31BXc9dedQnfKYCiojE,https://api.spotify.com/v1/audio-analysis/0Sp31BXc9dedQnfKYCiojE,186650,4
66,LALISA,LISA,51243,https://open.spotify.com/track/7uQZVznj0uQOGC9KhV2Mg6,0.806,0.653,8,-6.283,1,0.0902,0.0282,0.000784,0.107,0.85,150.058,audio_features,7uQZVznj0uQOGC9KhV2Mg6,spotify:track:7uQZVznj0uQOGC9KhV2Mg6,https://api.spotify.com/v1/tracks/7uQZVznj0uQOGC9KhV2Mg6,https://api.spotify.com/v1/audio-analysis/7uQZVznj0uQOGC9KhV2Mg6,200690,4
67,ピーターパン,優里,49546,https://open.spotify.com/track/0Ic9yiyHCoRCSvPoqTagat,0.629,0.91,11,-3.463,0,0.0507,0.0357,0.0,0.11,0.426,111.965,audio_features,0Ic9yiyHCoRCSvPoqTagat,spotify:track:0Ic9yiyHCoRCSvPoqTagat,https://api.spotify.com/v1/tracks/0Ic9yiyHCoRCSvPoqTagat,https://api.spotify.com/v1/audio-analysis/0Ic9yiyHCoRCSvPoqTagat,214587,4
68,Life Goes On,BTS,49272,https://open.spotify.com/track/249gnXrbfmV8NG6jTEMSwD,0.566,0.716,1,-5.733,1,0.0424,0.00691,0.0,0.37,0.45,81.068,audio_features,249gnXrbfmV8NG6jTEMSwD,spotify:track:249gnXrbfmV8NG6jTEMSwD,https://api.spotify.com/v1/tracks/249gnXrbfmV8NG6jTEMSwD,https://api.spotify.com/v1/audio-analysis/249gnXrbfmV8NG6jTEMSwD,207481,4
69,Walking with you,Novelbright,49225,https://open.spotify.com/track/7tGDXCPLpAScEwmqab9YZd,0.422,0.969,7,-0.824,1,0.0591,0.00585,0.0,0.533,0.496,92.524,audio_features,7tGDXCPLpAScEwmqab9YZd,spotify:track:7tGDXCPLpAScEwmqab9YZd,https://api.spotify.com/v1/tracks/7tGDXCPLpAScEwmqab9YZd,https://api.spotify.com/v1/audio-analysis/7tGDXCPLpAScEwmqab9YZd,223187,4
70,Boy With Luv (feat. Halsey),BTS,49168,https://open.spotify.com/track/5KawlOMHjWeUjQtnuRs22c,0.645,0.862,11,-4.757,0,0.0965,0.0923,0.0,0.192,0.798,119.991,audio_features,5KawlOMHjWeUjQtnuRs22c,spotify:track:5KawlOMHjWeUjQtnuRs22c,https://api.spotify.com/v1/tracks/5KawlOMHjWeUjQtnuRs22c,https://api.spotify.com/v1/audio-analysis/5KawlOMHjWeUjQtnuRs22c,229773,4
71,Ordinary days,milet,48905,https://open.spotify.com/track/6D5E8pz4YKYrjY9BqROTox,0.681,0.603,6,-5.963,1,0.0304,0.157,0.0,0.126,0.261,98.951,audio_features,6D5E8pz4YKYrjY9BqROTox,spotify:track:6D5E8pz4YKYrjY9BqROTox,https://api.spotify.com/v1/tracks/6D5E8pz4YKYrjY9BqROTox,https://api.spotify.com/v1/audio-analysis/6D5E8pz4YKYrjY9BqROTox,271453,4
72,Bad Habits,Ed Sheeran,48513,https://open.spotify.com/track/6PQ88X9TkUIAUIZJHW2upE,0.808,0.897,11,-3.712,0,0.0348,0.0469,3.14e-05,0.364,0.591,126.026,audio_features,6PQ88X9TkUIAUIZJHW2upE,spotify:track:6PQ88X9TkUIAUIZJHW2upE,https://api.spotify.com/v1/tracks/6PQ88X9TkUIAUIZJHW2upE,https://api.spotify.com/v1/audio-analysis/6PQ88X9TkUIAUIZJHW2upE,231041,4
73,青と夏,Mrs. GREEN APPLE,47873,https://open.spotify.com/track/5BC6kr6etk2Y9J62AyI4i3,0.31,0.891,4,-1.66,1,0.0469,0.00157,0.0,0.284,0.748,184.886,audio_features,5BC6kr6etk2Y9J62AyI4i3,spotify:track:5BC6kr6etk2Y9J62AyI4i3,https://api.spotify.com/v1/tracks/5BC6kr6etk2Y9J62AyI4i3,https://api.spotify.com/v1/audio-analysis/5BC6kr6etk2Y9J62AyI4i3,270027,4
74,怪獣の花唄,Vaundy,47619,https://open.spotify.com/track/4W29WmnGN1FlufURaBt8yw,0.425,0.939,2,-3.498,1,0.054,0.00361,0.0,0.331,0.638,150.015,audio_features,4W29WmnGN1FlufURaBt8yw,spotify:track:4W29WmnGN1FlufURaBt8yw,https://api.spotify.com/v1/tracks/4W29WmnGN1FlufURaBt8yw,https://api.spotify.com/v1/audio-analysis/4W29WmnGN1FlufURaBt8yw,224806,4
75,猫 〜THE FIRST TAKE ver.〜,DISH//,45958,https://open.spotify.com/track/25BJRpLBe3i6d8okphoRAm,0.635,0.578,8,-6.749,1,0.132,0.539,0.0,0.115,0.584,77.065,audio_features,25BJRpLBe3i6d8okphoRAm,spotify:track:25BJRpLBe3i6d8okphoRAm,https://api.spotify.com/v1/tracks/25BJRpLBe3i6d8okphoRAm,https://api.spotify.com/v1/audio-analysis/25BJRpLBe3i6d8okphoRAm,273893,4
76,恋人ごっこ,Macaroni Empitsu,44401,https://open.spotify.com/track/2SihT7AVMiI2VtaAyVIcnO,0.438,0.646,1,-5.301,1,0.0361,0.124,0.0,0.0603,0.745,102.033,audio_features,2SihT7AVMiI2VtaAyVIcnO,spotify:track:2SihT7AVMiI2VtaAyVIcnO,https://api.spotify.com/v1/tracks/2SihT7AVMiI2VtaAyVIcnO,https://api.spotify.com/v1/audio-analysis/2SihT7AVMiI2VtaAyVIcnO,200219,4
77,ily…,HIRAIDAI,44084,https://open.spotify.com/track/6amRvd3cJjQXJUnfjNboLU,0.678,0.343,1,-6.559,1,0.0292,0.286,0.0,0.0836,0.574,92.019,audio_features,6amRvd3cJjQXJUnfjNboLU,spotify:track:6amRvd3cJjQXJUnfjNboLU,https://api.spotify.com/v1/tracks/6amRvd3cJjQXJUnfjNboLU,https://api.spotify.com/v1/audio-analysis/6amRvd3cJjQXJUnfjNboLU,192165,4
78,Nijiiro no Sensou,SEKAI NO OWARI,43835,https://open.spotify.com/track/5lkk7V7MbxxVbJ93qUO81D,0.479,0.872,11,-5.11,0,0.0538,0.000833,2.1e-06,0.0784,0.544,170.037,audio_features,5lkk7V7MbxxVbJ93qUO81D,spotify:track:5lkk7V7MbxxVbJ93qUO81D,https://api.spotify.com/v1/tracks/5lkk7V7MbxxVbJ93qUO81D,https://api.spotify.com/v1/audio-analysis/5lkk7V7MbxxVbJ93qUO81D,337133,4
79,Lemon,Kenshi Yonezu,43549,https://open.spotify.com/track/04TshWXkhV1qkqHzf31Hn6,0.525,0.646,11,-4.963,1,0.0268,0.304,0.0,0.297,0.373,86.957,audio_features,04TshWXkhV1qkqHzf31Hn6,spotify:track:04TshWXkhV1qkqHzf31Hn6,https://api.spotify.com/v1/tracks/04TshWXkhV1qkqHzf31Hn6,https://api.spotify.com/v1/audio-analysis/04TshWXkhV1qkqHzf31Hn6,255827,4
80,紅蓮華,LiSA,43540,https://open.spotify.com/track/0qMip0B2D4ePEjBJvAtYre,0.541,0.977,4,-2.828,0,0.157,0.00321,5.13e-05,0.0796,0.263,134.938,audio_features,0qMip0B2D4ePEjBJvAtYre,spotify:track:0qMip0B2D4ePEjBJvAtYre,https://api.spotify.com/v1/tracks/0qMip0B2D4ePEjBJvAtYre,https://api.spotify.com/v1/audio-analysis/0qMip0B2D4ePEjBJvAtYre,237587,4
81,たぶん,YOASOBI,43246,https://open.spotify.com/track/398dL22bDbKbAmiOnPaq7o,0.748,0.661,5,-6.702,1,0.0334,0.157,0.00102,0.101,0.743,90.003,audio_features,398dL22bDbKbAmiOnPaq7o,spotify:track:398dL22bDbKbAmiOnPaq7o,https://api.spotify.com/v1/tracks/398dL22bDbKbAmiOnPaq7o,https://api.spotify.com/v1/audio-analysis/398dL22bDbKbAmiOnPaq7o,256773,4
82,マリーゴールド,Aimyon,43062,https://open.spotify.com/track/2cKiHG16JBiqHdi7Llq0r7,0.545,0.745,2,-3.098,1,0.0286,0.0452,0.0,0.0907,0.413,106.094,audio_features,2cKiHG16JBiqHdi7Llq0r7,spotify:track:2cKiHG16JBiqHdi7Llq0r7,https://api.spotify.com/v1/tracks/2cKiHG16JBiqHdi7Llq0r7,https://api.spotify.com/v1/audio-analysis/2cKiHG16JBiqHdi7Llq0r7,306627,4
83,不思議,Gen Hoshino,42982,https://open.spotify.com/track/6NKn02oJDkUkRa9IHbMe3n,0.753,0.574,3,-4.57,1,0.0483,0.0512,3.71e-06,0.141,0.527,89.024,audio_features,6NKn02oJDkUkRa9IHbMe3n,spotify:track:6NKn02oJDkUkRa9IHbMe3n,https://api.spotify.com/v1/tracks/6NKn02oJDkUkRa9IHbMe3n,https://api.spotify.com/v1/audio-analysis/6NKn02oJDkUkRa9IHbMe3n,290000,4
84,Butter (feat. Megan Thee Stallion),BTS,42836,https://open.spotify.com/track/3JR0ducCexKbeK47g6AHm5,0.739,0.588,8,-4.971,1,0.136,0.00308,0.0,0.109,0.774,109.958,audio_features,3JR0ducCexKbeK47g6AHm5,spotify:track:3JR0ducCexKbeK47g6AHm5,https://api.spotify.com/v1/tracks/3JR0ducCexKbeK47g6AHm5,https://api.spotify.com/v1/audio-analysis/3JR0ducCexKbeK47g6AHm5,164457,4
85,snow jam,Rin音,42551,https://open.spotify.com/track/6uUtmCz8XXep7n1QmC1jJG,0.583,0.627,1,-5.842,1,0.201,0.185,0.0,0.159,0.805,172.016,audio_features,6uUtmCz8XXep7n1QmC1jJG,spotify:track:6uUtmCz8XXep7n1QmC1jJG,https://api.spotify.com/v1/tracks/6uUtmCz8XXep7n1QmC1jJG,https://api.spotify.com/v1/audio-analysis/6uUtmCz8XXep7n1QmC1jJG,185379,4
86,Stay Gold,BTS,41751,https://open.spotify.com/track/3Ys2PYl1wyPKQIwyqhP9cQ,0.723,0.634,1,-5.415,1,0.0542,0.0892,0.0,0.0787,0.582,129.017,audio_features,3Ys2PYl1wyPKQIwyqhP9cQ,spotify:track:3Ys2PYl1wyPKQIwyqhP9cQ,https://api.spotify.com/v1/tracks/3Ys2PYl1wyPKQIwyqhP9cQ,https://api.spotify.com/v1/audio-analysis/3Ys2PYl1wyPKQIwyqhP9cQ,243267,4
87,燃えよ,Fujii Kaze,41638,https://open.spotify.com/track/7nWkch2lxmVbHOgKabM8qd,0.621,0.87,0,-6.157,1,0.0436,0.00165,2.04e-05,0.346,0.822,137.994,audio_features,7nWkch2lxmVbHOgKabM8qd,spotify:track:7nWkch2lxmVbHOgKabM8qd,https://api.spotify.com/v1/tracks/7nWkch2lxmVbHOgKabM8qd,https://api.spotify.com/v1/audio-analysis/7nWkch2lxmVbHOgKabM8qd,279617,4
88,優しい彗星,YOASOBI,40620,https://open.spotify.com/track/19fhOFi6pNGeZe5uiFlm7c,0.715,0.722,5,-4.62,1,0.0348,0.197,0.0,0.114,0.522,89.995,audio_features,19fhOFi6pNGeZe5uiFlm7c,spotify:track:19fhOFi6pNGeZe5uiFlm7c,https://api.spotify.com/v1/tracks/19fhOFi6pNGeZe5uiFlm7c,https://api.spotify.com/v1/audio-analysis/19fhOFi6pNGeZe5uiFlm7c,215333,4
89,あの夢をなぞって,YOASOBI,40197,https://open.spotify.com/track/5ptl2PXkiSth54HCuGO7vN,0.534,0.794,8,-3.738,1,0.0402,0.334,0.00093,0.159,0.711,179.976,audio_features,5ptl2PXkiSth54HCuGO7vN,spotify:track:5ptl2PXkiSth54HCuGO7vN,https://api.spotify.com/v1/tracks/5ptl2PXkiSth54HCuGO7vN,https://api.spotify.com/v1/audio-analysis/5ptl2PXkiSth54HCuGO7vN,240747,4
90,Make you happy,NiziU,39503,https://open.spotify.com/track/1LnJVIG1BaHTRznuOgR0yc,0.78,0.885,7,-3.745,1,0.122,0.0436,2.8e-05,0.105,0.808,160.087,audio_features,1LnJVIG1BaHTRznuOgR0yc,spotify:track:1LnJVIG1BaHTRznuOgR0yc,https://api.spotify.com/v1/tracks/1LnJVIG1BaHTRznuOgR0yc,https://api.spotify.com/v1/audio-analysis/1LnJVIG1BaHTRznuOgR0yc,184521,4
91,INDUSTRY BABY (feat. Jack Harlow),Lil Nas X,39211,https://open.spotify.com/track/5Z9KJZvQzH6PFmb8SNkxuk,0.741,0.691,10,-7.395,0,0.0672,0.0221,0.0,0.0476,0.892,150.087,audio_features,5Z9KJZvQzH6PFmb8SNkxuk,spotify:track:5Z9KJZvQzH6PFmb8SNkxuk,https://api.spotify.com/v1/tracks/5Z9KJZvQzH6PFmb8SNkxuk,https://api.spotify.com/v1/audio-analysis/5Z9KJZvQzH6PFmb8SNkxuk,212353,4
92,Take a picture,NiziU,39207,https://open.spotify.com/track/0iEzzJ3zmNQqATy2MilumS,0.736,0.871,1,-4.139,1,0.0577,0.0504,0.000831,0.313,0.739,127.945,audio_features,0iEzzJ3zmNQqATy2MilumS,spotify:track:0iEzzJ3zmNQqATy2MilumS,https://api.spotify.com/v1/tracks/0iEzzJ3zmNQqATy2MilumS,https://api.spotify.com/v1/audio-analysis/0iEzzJ3zmNQqATy2MilumS,181347,4
93,ワタリドリ,[Alexandros],38741,https://open.spotify.com/track/0ve9Tpz8Yw0I4eXhWsy21o,0.508,0.964,9,-4.077,1,0.0831,0.00141,0.0,0.197,0.609,134.982,audio_features,0ve9Tpz8Yw0I4eXhWsy21o,spotify:track:0ve9Tpz8Yw0I4eXhWsy21o,https://api.spotify.com/v1/tracks/0ve9Tpz8Yw0I4eXhWsy21o,https://api.spotify.com/v1/audio-analysis/0ve9Tpz8Yw0I4eXhWsy21o,248707,4
94,Answer,幾田りら,38480,https://open.spotify.com/track/5hVAQTNarrb3lmWqg9Ens4,0.622,0.475,0,-6.199,1,0.036,0.512,0.0,0.127,0.388,79.954,audio_features,5hVAQTNarrb3lmWqg9Ens4,spotify:track:5hVAQTNarrb3lmWqg9Ens4,https://api.spotify.com/v1/tracks/5hVAQTNarrb3lmWqg9Ens4,https://api.spotify.com/v1/audio-analysis/5hVAQTNarrb3lmWqg9Ens4,246000,4
95,シル・ヴ・プレジデント,P丸様｡,38221,https://open.spotify.com/track/0nW1Aes1arNyR1fzEKXS2m,0.647,0.9,1,-2.383,1,0.113,0.0237,0.0225,0.314,0.746,175.926,audio_features,0nW1Aes1arNyR1fzEKXS2m,spotify:track:0nW1Aes1arNyR1fzEKXS2m,https://api.spotify.com/v1/tracks/0nW1Aes1arNyR1fzEKXS2m,https://api.spotify.com/v1/audio-analysis/0nW1Aes1arNyR1fzEKXS2m,190493,4
96,世界の秘密,Vaundy,38194,https://open.spotify.com/track/2T7ZvJAtL7xK04ww5rbmvo,0.683,0.53,6,-6.749,0,0.0614,0.142,0.0,0.0978,0.823,159.969,audio_features,2T7ZvJAtL7xK04ww5rbmvo,spotify:track:2T7ZvJAtL7xK04ww5rbmvo,https://api.spotify.com/v1/tracks/2T7ZvJAtL7xK04ww5rbmvo,https://api.spotify.com/v1/audio-analysis/2T7ZvJAtL7xK04ww5rbmvo,221250,4
97,インフェルノ,Mrs. GREEN APPLE,37800,https://open.spotify.com/track/2vOAHp8PBBFYqvQUWSoITY,0.533,0.918,4,-2.095,1,0.0616,0.00894,0.0,0.643,0.662,92.504,audio_features,2vOAHp8PBBFYqvQUWSoITY,spotify:track:2vOAHp8PBBFYqvQUWSoITY,https://api.spotify.com/v1/tracks/2vOAHp8PBBFYqvQUWSoITY,https://api.spotify.com/v1/audio-analysis/2vOAHp8PBBFYqvQUWSoITY,211600,4
98,Shape of You,Ed Sheeran,37779,https://open.spotify.com/track/7qiZfU4dY1lWllzX7mPBI3,0.825,0.652,1,-3.183,0,0.0802,0.581,0.0,0.0931,0.931,95.977,audio_features,7qiZfU4dY1lWllzX7mPBI3,spotify:track:7qiZfU4dY1lWllzX7mPBI3,https://api.spotify.com/v1/tracks/7qiZfU4dY1lWllzX7mPBI3,https://api.spotify.com/v1/audio-analysis/7qiZfU4dY1lWllzX7mPBI3,233713,4
99,ただ君に晴れ,ヨルシカ,37455,https://open.spotify.com/track/3wJHCry960drNlAUGrJLmz,0.679,0.834,5,-3.223,1,0.032,0.343,5.74e-06,0.119,0.962,139.996,audio_features,3wJHCry960drNlAUGrJLmz,spotify:track:3wJHCry960drNlAUGrJLmz,https://api.spotify.com/v1/tracks/3wJHCry960drNlAUGrJLmz,https://api.spotify.com/v1/audio-analysis/3wJHCry960drNlAUGrJLmz,198971,4
100,桜が降る夜は,Aimyon,37443,https://open.spotify.com/track/1iEsGutpDvMJG0zYqoKKmQ,0.641,0.957,5,-2.574,1,0.0455,0.384,1.05e-06,0.218,0.71,106.995,audio_features,1iEsGutpDvMJG0zYqoKKmQ,spotify:track:1iEsGutpDvMJG0zYqoKKmQ,https://api.spotify.com/v1/tracks/1iEsGutpDvMJG0zYqoKKmQ,https://api.spotify.com/v1/audio-analysis/1iEsGutpDvMJG0zYqoKKmQ,274800,4
101,THATS WHAT I WANT,Lil Nas X,36025,https://open.spotify.com/track/0e8nrvls4Qqv5Rfa2UhqmO,0.737,0.846,1,-4.51,0,0.22,0.00614,0.0,0.0486,0.546,87.981,audio_features,0e8nrvls4Qqv5Rfa2UhqmO,spotify:track:0e8nrvls4Qqv5Rfa2UhqmO,https://api.spotify.com/v1/tracks/0e8nrvls4Qqv5Rfa2UhqmO,https://api.spotify.com/v1/audio-analysis/0e8nrvls4Qqv5Rfa2UhqmO,143901,4
102,CHILDAYS,BLOOM VASE,35899,https://open.spotify.com/track/1g1AXdio16Yh5SXgPBXcfq,0.679,0.814,2,-2.459,1,0.0462,0.349,0.0,0.132,0.922,79.002,audio_features,1g1AXdio16Yh5SXgPBXcfq,spotify:track:1g1AXdio16Yh5SXgPBXcfq,https://api.spotify.com/v1/tracks/1g1AXdio16Yh5SXgPBXcfq,https://api.spotify.com/v1/audio-analysis/1g1AXdio16Yh5SXgPBXcfq,190735,4
103,花束のかわりにメロディーを,Shota Shimizu,35262,https://open.spotify.com/track/2028QNsVTmp5IF7UK4ZnaE,0.42,0.483,8,-5.345,1,0.0291,0.0784,1.05e-05,0.276,0.277,129.808,audio_features,2028QNsVTmp5IF7UK4ZnaE,spotify:track:2028QNsVTmp5IF7UK4ZnaE,https://api.spotify.com/v1/tracks/2028QNsVTmp5IF7UK4ZnaE,https://api.spotify.com/v1/audio-analysis/2028QNsVTmp5IF7UK4ZnaE,309440,4
104,春泥棒,ヨルシカ,34369,https://open.spotify.com/track/1rr2DJOxV0sHXeUXCAz1yf,0.762,0.595,5,-6.777,1,0.0445,0.103,4.71e-05,0.115,0.858,125.047,audio_features,1rr2DJOxV0sHXeUXCAz1yf,spotify:track:1rr2DJOxV0sHXeUXCAz1yf,https://api.spotify.com/v1/tracks/1rr2DJOxV0sHXeUXCAz1yf,https://api.spotify.com/v1/audio-analysis/1rr2DJOxV0sHXeUXCAz1yf,290289,4
105,僕のこと,Mrs. GREEN APPLE,34257,https://open.spotify.com/track/0tnhoHUrHfcLi9hPknUFZ4,0.439,0.708,7,-3.825,1,0.0528,0.0129,0.0,0.147,0.454,160.027,audio_features,0tnhoHUrHfcLi9hPknUFZ4,spotify:track:0tnhoHUrHfcLi9hPknUFZ4,https://api.spotify.com/v1/tracks/0tnhoHUrHfcLi9hPknUFZ4,https://api.spotify.com/v1/audio-analysis/0tnhoHUrHfcLi9hPknUFZ4,321307,4
106,高嶺の花子さん,back number,34144,https://open.spotify.com/track/2jdbZGFp8KVTuk0YxDNL4l,0.54,0.923,9,-2.838,1,0.0623,0.066,0.0,0.124,0.343,137.977,audio_features,2jdbZGFp8KVTuk0YxDNL4l,spotify:track:2jdbZGFp8KVTuk0YxDNL4l,https://api.spotify.com/v1/tracks/2jdbZGFp8KVTuk0YxDNL4l,https://api.spotify.com/v1/audio-analysis/2jdbZGFp8KVTuk0YxDNL4l,294813,4
107,Renegades,ONE OK ROCK,33721,https://open.spotify.com/track/3RpFwqdROrxJvHywpT1pJ4,0.534,0.842,5,-4.279,0,0.0567,0.00108,0.000321,0.117,0.342,153.946,audio_features,3RpFwqdROrxJvHywpT1pJ4,spotify:track:3RpFwqdROrxJvHywpT1pJ4,https://api.spotify.com/v1/tracks/3RpFwqdROrxJvHywpT1pJ4,https://api.spotify.com/v1/audio-analysis/3RpFwqdROrxJvHywpT1pJ4,244538,4
108,まちがいさがし,Masaki Suda,33549,https://open.spotify.com/track/55Ww4Pa1iIQMhh0MLMetjo,0.534,0.642,2,-5.568,1,0.0372,0.523,0.0,0.39,0.443,155.921,audio_features,55Ww4Pa1iIQMhh0MLMetjo,spotify:track:55Ww4Pa1iIQMhh0MLMetjo,https://api.spotify.com/v1/tracks/55Ww4Pa1iIQMhh0MLMetjo,https://api.spotify.com/v1/audio-analysis/55Ww4Pa1iIQMhh0MLMetjo,223640,4
109,ノーダウト,Official HIGE DANdism,33463,https://open.spotify.com/track/5DMEvbg3gUmiR5HIBWdveV,0.574,0.936,2,-3.185,1,0.0701,0.0585,0.0,0.336,0.792,149.954,audio_features,5DMEvbg3gUmiR5HIBWdveV,spotify:track:5DMEvbg3gUmiR5HIBWdveV,https://api.spotify.com/v1/tracks/5DMEvbg3gUmiR5HIBWdveV,https://api.spotify.com/v1/audio-analysis/5DMEvbg3gUmiR5HIBWdveV,202395,4
110,のびしろ,Creepy Nuts,33340,https://open.spotify.com/track/3bbIIVIwBoLqVcLebiEJFo,0.669,0.928,11,-2.926,0,0.0699,0.252,0.0,0.0686,0.963,174.004,audio_features,3bbIIVIwBoLqVcLebiEJFo,spotify:track:3bbIIVIwBoLqVcLebiEJFo,https://api.spotify.com/v1/tracks/3bbIIVIwBoLqVcLebiEJFo,https://api.spotify.com/v1/audio-analysis/3bbIIVIwBoLqVcLebiEJFo,236840,4
111,グッバイ宣言,Chinozo,33281,https://open.spotify.com/track/2gbVuqze7bpndIy1q9rFvv,0.542,0.743,9,-11.51,0,0.0781,0.0324,0.0,0.267,0.916,169.916,audio_features,2gbVuqze7bpndIy1q9rFvv,spotify:track:2gbVuqze7bpndIy1q9rFvv,https://api.spotify.com/v1/tracks/2gbVuqze7bpndIy1q9rFvv,https://api.spotify.com/v1/audio-analysis/2gbVuqze7bpndIy1q9rFvv,172791,3
112,One Last Kiss,Hikaru Utada,33238,https://open.spotify.com/track/5RhWszHMSKzb7KiXk4Ae0M,0.592,0.54,8,-11.249,0,0.0587,0.692,0.00187,0.0965,0.354,111.955,audio_features,5RhWszHMSKzb7KiXk4Ae0M,spotify:track:5RhWszHMSKzb7KiXk4Ae0M,https://api.spotify.com/v1/tracks/5RhWszHMSKzb7KiXk4Ae0M,https://api.spotify.com/v1/audio-analysis/5RhWszHMSKzb7KiXk4Ae0M,252027,4
113,HAPPY BIRTHDAY,back number,32983,https://open.spotify.com/track/4FMz2RFrbDGzJO7K4D0vS3,0.482,0.602,11,-4.365,1,0.0303,0.0702,0.0,0.0677,0.535,145.988,audio_features,4FMz2RFrbDGzJO7K4D0vS3,spotify:track:4FMz2RFrbDGzJO7K4D0vS3,https://api.spotify.com/v1/tracks/4FMz2RFrbDGzJO7K4D0vS3,https://api.spotify.com/v1/audio-analysis/4FMz2RFrbDGzJO7K4D0vS3,258333,4
114,ブルーベリー・ナイツ,Macaroni Empitsu,32974,https://open.spotify.com/track/2UdvMWk0Z83lMJPbawy2Sm,0.66,0.865,5,-3.642,1,0.0277,0.278,0.0,0.0931,0.772,106.008,audio_features,2UdvMWk0Z83lMJPbawy2Sm,spotify:track:2UdvMWk0Z83lMJPbawy2Sm,https://api.spotify.com/v1/tracks/2UdvMWk0Z83lMJPbawy2Sm,https://api.spotify.com/v1/audio-analysis/2UdvMWk0Z83lMJPbawy2Sm,244869,4
115,Peaches (feat. Daniel Caesar & Giveon),Justin Bieber,32747,https://open.spotify.com/track/4iJyoBOLtHqaGxP12qzhQI,0.677,0.696,0,-6.181,1,0.119,0.321,0.0,0.42,0.464,90.03,audio_features,4iJyoBOLtHqaGxP12qzhQI,spotify:track:4iJyoBOLtHqaGxP12qzhQI,https://api.spotify.com/v1/tracks/4iJyoBOLtHqaGxP12qzhQI,https://api.spotify.com/v1/audio-analysis/4iJyoBOLtHqaGxP12qzhQI,198082,4
116,10月無口な君を忘れる,あたらよ,32701,https://open.spotify.com/track/006u4CXVO2cusq08RrMElQ,0.262,0.47,5,-4.663,1,0.0433,0.0429,0.0,0.236,0.307,75.096,audio_features,006u4CXVO2cusq08RrMElQ,spotify:track:006u4CXVO2cusq08RrMElQ,https://api.spotify.com/v1/tracks/006u4CXVO2cusq08RrMElQ,https://api.spotify.com/v1/audio-analysis/006u4CXVO2cusq08RrMElQ,332286,4
117,Lights,BTS,32592,https://open.spotify.com/track/3TDUktzfYXMWjkWqwoT5F1,0.608,0.644,5,-5.588,1,0.0314,0.156,0.0,0.124,0.431,99.005,audio_features,3TDUktzfYXMWjkWqwoT5F1,spotify:track:3TDUktzfYXMWjkWqwoT5F1,https://api.spotify.com/v1/tracks/3TDUktzfYXMWjkWqwoT5F1,https://api.spotify.com/v1/audio-analysis/3TDUktzfYXMWjkWqwoT5F1,292853,4
118,Bushido,Good Gas,32587,https://open.spotify.com/track/52HrZG4pwtYxTUuu6qlTWf,0.8,0.746,11,-2.523,1,0.0727,0.253,0.000136,0.0809,0.281,158.985,audio_features,52HrZG4pwtYxTUuu6qlTWf,spotify:track:52HrZG4pwtYxTUuu6qlTWf,https://api.spotify.com/v1/tracks/52HrZG4pwtYxTUuu6qlTWf,https://api.spotify.com/v1/audio-analysis/52HrZG4pwtYxTUuu6qlTWf,193208,4
119,イージーゲーム,natsumi,32270,https://open.spotify.com/track/096qZRdXPOyvb5OP8NI7pw,0.605,0.909,1,-2.483,0,0.13,0.227,0.0,0.0497,0.901,165.953,audio_features,096qZRdXPOyvb5OP8NI7pw,spotify:track:096qZRdXPOyvb5OP8NI7pw,https://api.spotify.com/v1/tracks/096qZRdXPOyvb5OP8NI7pw,https://api.spotify.com/v1/audio-analysis/096qZRdXPOyvb5OP8NI7pw,183930,4
120,Shukumei,Official HIGE DANdism,31962,https://open.spotify.com/track/0XaHPBAzPAC5ubwcRBqc1p,0.547,0.577,5,-6.087,1,0.0336,0.0152,0.0,0.109,0.494,164.032,audio_features,0XaHPBAzPAC5ubwcRBqc1p,spotify:track:0XaHPBAzPAC5ubwcRBqc1p,https://api.spotify.com/v1/tracks/0XaHPBAzPAC5ubwcRBqc1p,https://api.spotify.com/v1/audio-analysis/0XaHPBAzPAC5ubwcRBqc1p,280856,4
121,DNA,BTS,31597,https://open.spotify.com/track/5SE57ljOIUJ1ybL9U6CuBH,0.598,0.775,1,-4.035,0,0.0545,0.022,0.0,0.0677,0.687,129.819,audio_features,5SE57ljOIUJ1ybL9U6CuBH,spotify:track:5SE57ljOIUJ1ybL9U6CuBH,https://api.spotify.com/v1/tracks/5SE57ljOIUJ1ybL9U6CuBH,https://api.spotify.com/v1/audio-analysis/5SE57ljOIUJ1ybL9U6CuBH,223123,4
122,Universe,Official HIGE DANdism,31259,https://open.spotify.com/track/0RuLz62h4YPNXqdO20Fmf6,0.503,0.895,1,-5.706,1,0.154,0.0774,6.15e-06,0.165,0.596,185.976,audio_features,0RuLz62h4YPNXqdO20Fmf6,spotify:track:0RuLz62h4YPNXqdO20Fmf6,https://api.spotify.com/v1/tracks/0RuLz62h4YPNXqdO20Fmf6,https://api.spotify.com/v1/audio-analysis/0RuLz62h4YPNXqdO20Fmf6,285813,4
123,Levitating (feat. DaBaby),Dua Lipa,31158,https://open.spotify.com/track/5nujrmhLynf4yMoMtj8AQF,0.702,0.825,6,-3.787,0,0.0601,0.00883,0.0,0.0674,0.915,102.977,audio_features,5nujrmhLynf4yMoMtj8AQF,spotify:track:5nujrmhLynf4yMoMtj8AQF,https://api.spotify.com/v1/tracks/5nujrmhLynf4yMoMtj8AQF,https://api.spotify.com/v1/audio-analysis/5nujrmhLynf4yMoMtj8AQF,203064,4
124,アカリ,GReeeeN,30627,https://open.spotify.com/track/7I8CmmrqsTgCjHPeSkkkIY,0.58,0.793,1,-7.383,1,0.135,0.118,0.0,0.157,0.567,170.045,audio_features,7I8CmmrqsTgCjHPeSkkkIY,spotify:track:7I8CmmrqsTgCjHPeSkkkIY,https://api.spotify.com/v1/tracks/7I8CmmrqsTgCjHPeSkkkIY,https://api.spotify.com/v1/audio-analysis/7I8CmmrqsTgCjHPeSkkkIY,177307,4
125,Wherever you are,ONE OK ROCK,30625,https://open.spotify.com/track/7a7EIFzJLd7lcDRgThMQgm,0.379,0.69,4,-4.79,1,0.0549,0.0286,0.0,0.335,0.288,173.716,audio_features,7a7EIFzJLd7lcDRgThMQgm,spotify:track:7a7EIFzJLd7lcDRgThMQgm,https://api.spotify.com/v1/tracks/7a7EIFzJLd7lcDRgThMQgm,https://api.spotify.com/v1/audio-analysis/7a7EIFzJLd7lcDRgThMQgm,295600,4
126,Euphoria,BTS,30520,https://open.spotify.com/track/3p6hnejEQYXkiTO1lAzVc0,0.637,0.799,2,-4.519,1,0.0338,0.394,0.0,0.0921,0.562,104.995,audio_features,3p6hnejEQYXkiTO1lAzVc0,spotify:track:3p6hnejEQYXkiTO1lAzVc0,https://api.spotify.com/v1/tracks/3p6hnejEQYXkiTO1lAzVc0,https://api.spotify.com/v1/audio-analysis/3p6hnejEQYXkiTO1lAzVc0,228615,4
127,分かってないよ,WurtS,30359,https://open.spotify.com/track/5wosJVYKzl3g7XElM98m23,0.429,0.919,2,-4.087,1,0.0681,0.000219,0.000143,0.347,0.527,149.971,audio_features,5wosJVYKzl3g7XElM98m23,spotify:track:5wosJVYKzl3g7XElM98m23,https://api.spotify.com/v1/tracks/5wosJVYKzl3g7XElM98m23,https://api.spotify.com/v1/audio-analysis/5wosJVYKzl3g7XElM98m23,209038,4
128,ヴァンパイア,DECO*27,29572,https://open.spotify.com/track/0m9QPTZzjtqCWY9Jg8poHc,0.555,0.955,1,-4.073,0,0.048,0.0096,0.0,0.329,0.955,164.028,audio_features,0m9QPTZzjtqCWY9Jg8poHc,spotify:track:0m9QPTZzjtqCWY9Jg8poHc,https://api.spotify.com/v1/tracks/0m9QPTZzjtqCWY9Jg8poHc,https://api.spotify.com/v1/audio-analysis/0m9QPTZzjtqCWY9Jg8poHc,178235,4
129,愛を知るまでは,Aimyon,29380,https://open.spotify.com/track/5gh0y6ZmuppQvoPbAGkeE2,0.564,0.634,11,-4.13,1,0.0279,0.0531,3.1e-06,0.128,0.683,110.073,audio_features,5gh0y6ZmuppQvoPbAGkeE2,spotify:track:5gh0y6ZmuppQvoPbAGkeE2,https://api.spotify.com/v1/tracks/5gh0y6ZmuppQvoPbAGkeE2,https://api.spotify.com/v1/audio-analysis/5gh0y6ZmuppQvoPbAGkeE2,276253,4
130,Yesterday,Official HIGE DANdism,29376,https://open.spotify.com/track/1kMlcLyljkrShV0LSdSGBz,0.541,0.8,6,-3.687,1,0.0382,0.0442,0.0,0.398,0.56,129.939,audio_features,1kMlcLyljkrShV0LSdSGBz,spotify:track:1kMlcLyljkrShV0LSdSGBz,https://api.spotify.com/v1/tracks/1kMlcLyljkrShV0LSdSGBz,https://api.spotify.com/v1/audio-analysis/1kMlcLyljkrShV0LSdSGBz,299164,4
131,Laughter,Official HIGE DANdism,28960,https://open.spotify.com/track/75fYFVXHzzwfc5yzFWlIlZ,0.412,0.765,4,-6.166,1,0.0336,0.00663,0.0,0.15,0.395,159.918,audio_features,75fYFVXHzzwfc5yzFWlIlZ,spotify:track:75fYFVXHzzwfc5yzFWlIlZ,https://api.spotify.com/v1/tracks/75fYFVXHzzwfc5yzFWlIlZ,https://api.spotify.com/v1/audio-analysis/75fYFVXHzzwfc5yzFWlIlZ,352920,4
132,Our Style,WILYWNKA,28932,https://open.spotify.com/track/2r31qQymHkEhfXlaBewBNb,0.65,0.687,9,-4.455,1,0.112,0.175,2.09e-05,0.0344,0.806,92.05,audio_features,2r31qQymHkEhfXlaBewBNb,spotify:track:2r31qQymHkEhfXlaBewBNb,https://api.spotify.com/v1/tracks/2r31qQymHkEhfXlaBewBNb,https://api.spotify.com/v1/audio-analysis/2r31qQymHkEhfXlaBewBNb,242486,4
133,キセキ,GReeeeN,28633,https://open.spotify.com/track/7ztdl6cnbJgHRdMkKldkts,0.641,0.618,0,-4.269,1,0.0259,0.0932,0.0,0.155,0.338,90.032,audio_features,7ztdl6cnbJgHRdMkKldkts,spotify:track:7ztdl6cnbJgHRdMkKldkts,https://api.spotify.com/v1/tracks/7ztdl6cnbJgHRdMkKldkts,https://api.spotify.com/v1/audio-analysis/7ztdl6cnbJgHRdMkKldkts,271160,4
134,会いたくて,Ado,28504,https://open.spotify.com/track/2N8p4NIVVVpe74sz2Fp4yA,0.483,0.836,5,-2.114,1,0.0446,0.0906,0.0,0.363,0.375,159.922,audio_features,2N8p4NIVVVpe74sz2Fp4yA,spotify:track:2N8p4NIVVVpe74sz2Fp4yA,https://api.spotify.com/v1/tracks/2N8p4NIVVVpe74sz2Fp4yA,https://api.spotify.com/v1/audio-analysis/2N8p4NIVVVpe74sz2Fp4yA,294543,4
135,正しくなれない,ZUTOMAYO,28413,https://open.spotify.com/track/2FHexlZenTsS3lsjUYHiDx,0.648,0.679,5,-3.959,1,0.0361,0.036,5.46e-06,0.127,0.484,118.67,audio_features,2FHexlZenTsS3lsjUYHiDx,spotify:track:2FHexlZenTsS3lsjUYHiDx,https://api.spotify.com/v1/tracks/2FHexlZenTsS3lsjUYHiDx,https://api.spotify.com/v1/audio-analysis/2FHexlZenTsS3lsjUYHiDx,240067,4
136,君はロックを聴かない,Aimyon,28378,https://open.spotify.com/track/59eluCMn0XbOWqeWQ91FTM,0.524,0.687,7,-4.039,1,0.0267,0.00135,0.0,0.169,0.619,99.919,audio_features,59eluCMn0XbOWqeWQ91FTM,spotify:track:59eluCMn0XbOWqeWQ91FTM,https://api.spotify.com/v1/tracks/59eluCMn0XbOWqeWQ91FTM,https://api.spotify.com/v1/audio-analysis/59eluCMn0XbOWqeWQ91FTM,246307,4
137,LITMUS,Ryokuoushoku Shakai,28360,https://open.spotify.com/track/4SKkKCv06oN15DHpyKUnJk,0.655,0.805,7,-4.405,1,0.0534,0.104,0.0,0.134,0.5,95.992,audio_features,4SKkKCv06oN15DHpyKUnJk,spotify:track:4SKkKCv06oN15DHpyKUnJk,https://api.spotify.com/v1/tracks/4SKkKCv06oN15DHpyKUnJk,https://api.spotify.com/v1/audio-analysis/4SKkKCv06oN15DHpyKUnJk,254053,4
138,花束,back number,28349,https://open.spotify.com/track/3QIAwtEEDOrv0g5NKCGrXZ,0.519,0.713,2,-3.612,1,0.0324,0.0178,0.0,0.353,0.505,159.963,audio_features,3QIAwtEEDOrv0g5NKCGrXZ,spotify:track:3QIAwtEEDOrv0g5NKCGrXZ,https://api.spotify.com/v1/tracks/3QIAwtEEDOrv0g5NKCGrXZ,https://api.spotify.com/v1/audio-analysis/3QIAwtEEDOrv0g5NKCGrXZ,286053,4
139,東京フラッシュ,Vaundy,28159,https://open.spotify.com/track/0jPZf5231RdBUMLFG1HqXi,0.628,0.634,2,-5.508,1,0.0322,0.00255,7.24e-06,0.0456,0.606,97.99,audio_features,0jPZf5231RdBUMLFG1HqXi,spotify:track:0jPZf5231RdBUMLFG1HqXi,https://api.spotify.com/v1/tracks/0jPZf5231RdBUMLFG1HqXi,https://api.spotify.com/v1/audio-analysis/0jPZf5231RdBUMLFG1HqXi,258859,4
140,HANABI,Mr.Children,28045,https://open.spotify.com/track/0AU7xhipAm9Saq0k8A9Iua,0.638,0.766,1,-5.541,1,0.0268,0.157,0.0,0.124,0.595,112.005,audio_features,0AU7xhipAm9Saq0k8A9Iua,spotify:track:0AU7xhipAm9Saq0k8A9Iua,https://api.spotify.com/v1/tracks/0AU7xhipAm9Saq0k8A9Iua,https://api.spotify.com/v1/audio-analysis/0AU7xhipAm9Saq0k8A9Iua,342773,4
141,Step and a step,NiziU,27965,https://open.spotify.com/track/5DgAgJbHcm74RyA9YKj6k1,0.844,0.851,0,-3.762,1,0.0494,0.184,8.53e-05,0.0754,0.541,116.038,audio_features,5DgAgJbHcm74RyA9YKj6k1,spotify:track:5DgAgJbHcm74RyA9YKj6k1,https://api.spotify.com/v1/tracks/5DgAgJbHcm74RyA9YKj6k1,https://api.spotify.com/v1/audio-analysis/5DgAgJbHcm74RyA9YKj6k1,201720,4
142,チェリー,SPITZ,27884,https://open.spotify.com/track/1ihCiJaXRl4f6Sy4LJov5z,0.646,0.805,0,-3.422,1,0.0292,0.227,1.95e-05,0.0901,0.748,97.201,audio_features,1ihCiJaXRl4f6Sy4LJov5z,spotify:track:1ihCiJaXRl4f6Sy4LJov5z,https://api.spotify.com/v1/tracks/1ihCiJaXRl4f6Sy4LJov5z,https://api.spotify.com/v1/audio-analysis/1ihCiJaXRl4f6Sy4LJov5z,259933,4
143,HADASHi NO STEP,LiSA,27779,https://open.spotify.com/track/2chbq2OYbQeg5uDmr0bNhj,0.638,0.922,4,-2.903,0,0.0594,0.112,0.0,0.32,0.647,131.997,audio_features,2chbq2OYbQeg5uDmr0bNhj,spotify:track:2chbq2OYbQeg5uDmr0bNhj,https://api.spotify.com/v1/tracks/2chbq2OYbQeg5uDmr0bNhj,https://api.spotify.com/v1/audio-analysis/2chbq2OYbQeg5uDmr0bNhj,222127,4
144,香水,Eito,27665,https://open.spotify.com/track/786dSB84yrSaICJwCT7VxP,0.85,0.34,3,-7.37,1,0.042,0.824,0.0,0.0882,0.774,121.759,audio_features,786dSB84yrSaICJwCT7VxP,spotify:track:786dSB84yrSaICJwCT7VxP,https://api.spotify.com/v1/tracks/786dSB84yrSaICJwCT7VxP,https://api.spotify.com/v1/audio-analysis/786dSB84yrSaICJwCT7VxP,255227,4
145,死神,Kenshi Yonezu,27641,https://open.spotify.com/track/3tw4Jysd48kMcKsdnGYLee,0.807,0.653,2,-6.308,1,0.0443,0.0349,9.08e-06,0.111,0.939,119.019,audio_features,3tw4Jysd48kMcKsdnGYLee,spotify:track:3tw4Jysd48kMcKsdnGYLee,https://api.spotify.com/v1/tracks/3tw4Jysd48kMcKsdnGYLee,https://api.spotify.com/v1/audio-analysis/3tw4Jysd48kMcKsdnGYLee,180760,4
146,How You Like That,BLACKPINK,27605,https://open.spotify.com/track/4SFknyjLcyTLJFPKD2m96o,0.812,0.761,11,-5.222,1,0.0812,0.0465,0.000135,0.0601,0.344,130.032,audio_features,4SFknyjLcyTLJFPKD2m96o,spotify:track:4SFknyjLcyTLJFPKD2m96o,https://api.spotify.com/v1/tracks/4SFknyjLcyTLJFPKD2m96o,https://api.spotify.com/v1/audio-analysis/4SFknyjLcyTLJFPKD2m96o,182956,4
147,ハルノヒ,Aimyon,27348,https://open.spotify.com/track/1oNeSCt0CMekCyyLo06kFs,0.592,0.672,9,-2.447,1,0.0294,0.261,0.0,0.109,0.523,106.948,audio_features,1oNeSCt0CMekCyyLo06kFs,spotify:track:1oNeSCt0CMekCyyLo06kFs,https://api.spotify.com/v1/tracks/1oNeSCt0CMekCyyLo06kFs,https://api.spotify.com/v1/audio-analysis/1oNeSCt0CMekCyyLo06kFs,326867,4
148,Perfect World,TWICE,27306,https://open.spotify.com/track/0iuZMy88H6vxDA2oaJNhJg,0.684,0.877,3,-2.322,0,0.0611,0.0477,0.0,0.344,0.599,134.98,audio_features,0iuZMy88H6vxDA2oaJNhJg,spotify:track:0iuZMy88H6vxDA2oaJNhJg,https://api.spotify.com/v1/tracks/0iuZMy88H6vxDA2oaJNhJg,https://api.spotify.com/v1/audio-analysis/0iuZMy88H6vxDA2oaJNhJg,182680,4
149,Heat Waves,Glass Animals,27223,https://open.spotify.com/track/02MWAaffLxlfxAUY7c5dvx,0.761,0.525,11,-6.9,1,0.0944,0.44,6.7e-06,0.0921,0.531,80.87,audio_features,02MWAaffLxlfxAUY7c5dvx,spotify:track:02MWAaffLxlfxAUY7c5dvx,https://api.spotify.com/v1/tracks/02MWAaffLxlfxAUY7c5dvx,https://api.spotify.com/v1/audio-analysis/02MWAaffLxlfxAUY7c5dvx,238805,4
150,ぎゅっと。,もさを。,27125,https://open.spotify.com/track/6nqfKM9JvQIiuAuzWZFvGW,0.773,0.363,4,-7.304,1,0.0383,0.814,0.0,0.103,0.774,119.994,audio_features,6nqfKM9JvQIiuAuzWZFvGW,spotify:track:6nqfKM9JvQIiuAuzWZFvGW,https://api.spotify.com/v1/tracks/6nqfKM9JvQIiuAuzWZFvGW,https://api.spotify.com/v1/audio-analysis/6nqfKM9JvQIiuAuzWZFvGW,269747,4
151,good 4 u,Olivia Rodrigo,27020,https://open.spotify.com/track/4ZtFanR9U6ndgddUvNcjcG,0.563,0.664,9,-5.044,1,0.154,0.335,0.0,0.0849,0.688,166.928,audio_features,4ZtFanR9U6ndgddUvNcjcG,spotify:track:4ZtFanR9U6ndgddUvNcjcG,https://api.spotify.com/v1/tracks/4ZtFanR9U6ndgddUvNcjcG,https://api.spotify.com/v1/audio-analysis/4ZtFanR9U6ndgddUvNcjcG,178147,4
152,I CAN'T STOP ME,TWICE,27000,https://open.spotify.com/track/3apeXzypBMnUfYcZYNX6DH,0.657,0.88,10,-3.672,0,0.102,0.121,0.0,0.463,0.769,150.084,audio_features,3apeXzypBMnUfYcZYNX6DH,spotify:track:3apeXzypBMnUfYcZYNX6DH,https://api.spotify.com/v1/tracks/3apeXzypBMnUfYcZYNX6DH,https://api.spotify.com/v1/audio-analysis/3apeXzypBMnUfYcZYNX6DH,205493,4
153,名前を呼ぶよ,SUPER BEAVER,26818,https://open.spotify.com/track/5iTyiE1jAfmjorzFLc4Frg,0.354,0.98,11,-2.557,1,0.211,0.00894,0.0,0.353,0.519,176.081,audio_features,5iTyiE1jAfmjorzFLc4Frg,spotify:track:5iTyiE1jAfmjorzFLc4Frg,https://api.spotify.com/v1/tracks/5iTyiE1jAfmjorzFLc4Frg,https://api.spotify.com/v1/audio-analysis/5iTyiE1jAfmjorzFLc4Frg,277360,4
154,奏(かなで),Sukima Switch,26719,https://open.spotify.com/track/5RbMlPFL4gVyEHW2lEOuzG,0.519,0.666,10,-6.163,1,0.0262,0.553,0.000169,0.0948,0.461,149.839,audio_features,5RbMlPFL4gVyEHW2lEOuzG,spotify:track:5RbMlPFL4gVyEHW2lEOuzG,https://api.spotify.com/v1/tracks/5RbMlPFL4gVyEHW2lEOuzG,https://api.spotify.com/v1/audio-analysis/5RbMlPFL4gVyEHW2lEOuzG,328627,4
155,GOOD and BAD,HENTAI SHINSHI CLUB,26517,https://open.spotify.com/track/4MSCgvCx2X24vwBQM9fmGV,0.728,0.803,5,-4.699,0,0.0341,0.0833,0.0,0.211,0.826,89.983,audio_features,4MSCgvCx2X24vwBQM9fmGV,spotify:track:4MSCgvCx2X24vwBQM9fmGV,https://api.spotify.com/v1/tracks/4MSCgvCx2X24vwBQM9fmGV,https://api.spotify.com/v1/audio-analysis/4MSCgvCx2X24vwBQM9fmGV,175156,4
156,第六感,Reol,26323,https://open.spotify.com/track/22sQUmLhT8umlEhQzDrzfJ,0.675,0.959,7,-1.754,1,0.0835,0.00893,8.48e-05,0.325,0.835,134.017,audio_features,22sQUmLhT8umlEhQzDrzfJ,spotify:track:22sQUmLhT8umlEhQzDrzfJ,https://api.spotify.com/v1/tracks/22sQUmLhT8umlEhQzDrzfJ,https://api.spotify.com/v1/audio-analysis/22sQUmLhT8umlEhQzDrzfJ,191625,4
157,WAVEBODY,JP THE WAVY,26283,https://open.spotify.com/track/2N2qxWPU60swo6fm1SnOgr,0.884,0.749,1,-6.019,1,0.133,0.0523,5.28e-05,0.139,0.859,87.479,audio_features,2N2qxWPU60swo6fm1SnOgr,spotify:track:2N2qxWPU60swo6fm1SnOgr,https://api.spotify.com/v1/tracks/2N2qxWPU60swo6fm1SnOgr,https://api.spotify.com/v1/audio-analysis/2N2qxWPU60swo6fm1SnOgr,184507,4
158,カイト,ARASHI,26282,https://open.spotify.com/track/5lo3L98nR2VpN2dM9UFJu0,0.469,0.477,1,-6.458,1,0.0305,0.666,0.0,0.734,0.558,177.882,audio_features,5lo3L98nR2VpN2dM9UFJu0,spotify:track:5lo3L98nR2VpN2dM9UFJu0,https://api.spotify.com/v1/tracks/5lo3L98nR2VpN2dM9UFJu0,https://api.spotify.com/v1/audio-analysis/5lo3L98nR2VpN2dM9UFJu0,283400,4
159,Beggin',Måneskin,26247,https://open.spotify.com/track/3Wrjm47oTz2sjIgck11l5e,0.714,0.8,11,-4.808,0,0.0504,0.127,0.0,0.359,0.589,134.002,audio_features,3Wrjm47oTz2sjIgck11l5e,spotify:track:3Wrjm47oTz2sjIgck11l5e,https://api.spotify.com/v1/tracks/3Wrjm47oTz2sjIgck11l5e,https://api.spotify.com/v1/audio-analysis/3Wrjm47oTz2sjIgck11l5e,211560,4
160,キンモクセイ,オレンジスパイニクラブ,26143,https://open.spotify.com/track/2yXTuH22VMVjFME060zJRv,0.544,0.761,5,-3.936,1,0.0362,0.092,0.0,0.18,0.322,105.035,audio_features,2yXTuH22VMVjFME060zJRv,spotify:track:2yXTuH22VMVjFME060zJRv,https://api.spotify.com/v1/tracks/2yXTuH22VMVjFME060zJRv,https://api.spotify.com/v1/audio-analysis/2yXTuH22VMVjFME060zJRv,231933,4
161,Poppin' Shakin',NiziU,26130,https://open.spotify.com/track/0jfFu1W96AlrsMqXSZZlSt,0.781,0.865,4,-5.218,1,0.0798,0.0921,0.0169,0.0879,0.746,123.986,audio_features,0jfFu1W96AlrsMqXSZZlSt,spotify:track:0jfFu1W96AlrsMqXSZZlSt,https://api.spotify.com/v1/tracks/0jfFu1W96AlrsMqXSZZlSt,https://api.spotify.com/v1/audio-analysis/0jfFu1W96AlrsMqXSZZlSt,192754,4
162,Your eyes tell,BTS,26105,https://open.spotify.com/track/3TZ7NHkMT82AhwuYsd00Hz,0.449,0.491,9,-6.433,0,0.029,0.279,0.0,0.0654,0.258,139.923,audio_features,3TZ7NHkMT82AhwuYsd00Hz,spotify:track:3TZ7NHkMT82AhwuYsd00Hz,https://api.spotify.com/v1/tracks/3TZ7NHkMT82AhwuYsd00Hz,https://api.spotify.com/v1/audio-analysis/3TZ7NHkMT82AhwuYsd00Hz,245147,4
163,Beautiful World,Tomohisa Yamashita,26050,https://open.spotify.com/track/4P2UCrJwyPcQ3NTx50wcWt,0.685,0.762,5,-6.512,0,0.0591,0.0388,1.18e-05,0.116,0.153,105.969,audio_features,4P2UCrJwyPcQ3NTx50wcWt,spotify:track:4P2UCrJwyPcQ3NTx50wcWt,https://api.spotify.com/v1/tracks/4P2UCrJwyPcQ3NTx50wcWt,https://api.spotify.com/v1/audio-analysis/4P2UCrJwyPcQ3NTx50wcWt,242307,4
164,さよならエレジー,Masaki Suda,26046,https://open.spotify.com/track/3oYD2O31b05fILFpv0AXRI,0.466,0.934,1,-2.736,1,0.0539,0.00331,0.0,0.277,0.615,154.961,audio_features,3oYD2O31b05fILFpv0AXRI,spotify:track:3oYD2O31b05fILFpv0AXRI,https://api.spotify.com/v1/tracks/3oYD2O31b05fILFpv0AXRI,https://api.spotify.com/v1/audio-analysis/3oYD2O31b05fILFpv0AXRI,257067,4
165,小さな恋のうた,MONGOL800,26026,https://open.spotify.com/track/23atyJacJVHvB9RHBNhr35,0.403,0.778,11,-4.856,1,0.0395,0.00203,0.0,0.227,0.628,115.581,audio_features,23atyJacJVHvB9RHBNhr35,spotify:track:23atyJacJVHvB9RHBNhr35,https://api.spotify.com/v1/tracks/23atyJacJVHvB9RHBNhr35,https://api.spotify.com/v1/audio-analysis/23atyJacJVHvB9RHBNhr35,222640,4
166,アイネクライネ,Kenshi Yonezu,25888,https://open.spotify.com/track/45YBVp6zMwQZRbUDcPzmMB,0.471,0.868,1,-2.291,1,0.0295,0.0384,0.0,0.297,0.811,173.969,audio_features,45YBVp6zMwQZRbUDcPzmMB,spotify:track:45YBVp6zMwQZRbUDcPzmMB,https://api.spotify.com/v1/tracks/45YBVp6zMwQZRbUDcPzmMB,https://api.spotify.com/v1/audio-analysis/45YBVp6zMwQZRbUDcPzmMB,288013,4
167,TEENAGE VIBE,kZm,25852,https://open.spotify.com/track/0X5j6Fw8077d74Q1WtyiqF,0.539,0.941,11,-4.645,0,0.29,0.0747,0.0,0.052,0.539,179.042,audio_features,0X5j6Fw8077d74Q1WtyiqF,spotify:track:0X5j6Fw8077d74Q1WtyiqF,https://api.spotify.com/v1/tracks/0X5j6Fw8077d74Q1WtyiqF,https://api.spotify.com/v1/audio-analysis/0X5j6Fw8077d74Q1WtyiqF,157582,4
168,カタコト,sloppy dim,25790,https://open.spotify.com/track/3ck6DbwKM4maTik8s7j3s4,0.859,0.629,4,-6.613,1,0.0695,0.591,0.00474,0.165,0.909,135.02,audio_features,3ck6DbwKM4maTik8s7j3s4,spotify:track:3ck6DbwKM4maTik8s7j3s4,https://api.spotify.com/v1/tracks/3ck6DbwKM4maTik8s7j3s4,https://api.spotify.com/v1/audio-analysis/3ck6DbwKM4maTik8s7j3s4,158889,4
169,君に叱られた,Nogizaka46,25762,https://open.spotify.com/track/2ddPABR2Qfj7lq9v6QVTVn,0.662,0.926,5,-2.175,1,0.048,0.0457,0.0,0.313,0.84,132.957,audio_features,2ddPABR2Qfj7lq9v6QVTVn,spotify:track:2ddPABR2Qfj7lq9v6QVTVn,https://api.spotify.com/v1/tracks/2ddPABR2Qfj7lq9v6QVTVn,https://api.spotify.com/v1/audio-analysis/2ddPABR2Qfj7lq9v6QVTVn,264453,4
170,Myra,Tani Yuuki,25757,https://open.spotify.com/track/5wc4f6crkCzAvwNhoEeMhh,0.683,0.318,0,-13.335,1,0.0349,0.71,9.05e-05,0.167,0.587,144.027,audio_features,5wc4f6crkCzAvwNhoEeMhh,spotify:track:5wc4f6crkCzAvwNhoEeMhh,https://api.spotify.com/v1/tracks/5wc4f6crkCzAvwNhoEeMhh,https://api.spotify.com/v1/audio-analysis/5wc4f6crkCzAvwNhoEeMhh,255000,4
171,春愁,Mrs. GREEN APPLE,25701,https://open.spotify.com/track/5SHguvOUbyPTINNjCvRo8K,0.724,0.444,10,-4.903,1,0.0412,0.0121,0.0,0.123,0.739,129.962,audio_features,5SHguvOUbyPTINNjCvRo8K,spotify:track:5SHguvOUbyPTINNjCvRo8K,https://api.spotify.com/v1/tracks/5SHguvOUbyPTINNjCvRo8K,https://api.spotify.com/v1/audio-analysis/5SHguvOUbyPTINNjCvRo8K,183800,4
172,旅路,Fujii Kaze,25621,https://open.spotify.com/track/1EM9pvygHqQm03as6sxLg9,0.59,0.556,9,-7.124,1,0.07,0.0711,3.24e-06,0.08,0.749,171.936,audio_features,1EM9pvygHqQm03as6sxLg9,spotify:track:1EM9pvygHqQm03as6sxLg9,https://api.spotify.com/v1/tracks/1EM9pvygHqQm03as6sxLg9,https://api.spotify.com/v1/audio-analysis/1EM9pvygHqQm03as6sxLg9,277333,4
173,MONTERO (Call Me By Your Name),Lil Nas X,25598,https://open.spotify.com/track/1SC5rEoYDGUK4NfG82494W,0.593,0.503,8,-6.725,0,0.22,0.293,0.0,0.405,0.71,178.781,audio_features,1SC5rEoYDGUK4NfG82494W,spotify:track:1SC5rEoYDGUK4NfG82494W,https://api.spotify.com/v1/tracks/1SC5rEoYDGUK4NfG82494W,https://api.spotify.com/v1/audio-analysis/1SC5rEoYDGUK4NfG82494W,137704,4
174,IDOL,BTS,25489,https://open.spotify.com/track/2AIWoHr9DF6y4KALCBKWQS,0.734,0.855,9,-3.211,1,0.118,0.00481,0.0,0.123,0.422,126.035,audio_features,2AIWoHr9DF6y4KALCBKWQS,spotify:track:2AIWoHr9DF6y4KALCBKWQS,https://api.spotify.com/v1/tracks/2AIWoHr9DF6y4KALCBKWQS,https://api.spotify.com/v1/audio-analysis/2AIWoHr9DF6y4KALCBKWQS,222732,4
175,全力少年,Sukima Switch,25473,https://open.spotify.com/track/3Ztjw8utVpcrzms1RrsJvR,0.639,0.79,2,-4.156,1,0.0263,0.25,0.0,0.299,0.733,133.948,audio_features,3Ztjw8utVpcrzms1RrsJvR,spotify:track:3Ztjw8utVpcrzms1RrsJvR,https://api.spotify.com/v1/tracks/3Ztjw8utVpcrzms1RrsJvR,https://api.spotify.com/v1/audio-analysis/3Ztjw8utVpcrzms1RrsJvR,272747,4
176,FAKE LOVE,BTS,25322,https://open.spotify.com/track/3aW0ds4A4tSQDIp75FqWTo,0.557,0.719,2,-4.515,0,0.0372,0.00267,0.0,0.306,0.344,77.501,audio_features,3aW0ds4A4tSQDIp75FqWTo,spotify:track:3aW0ds4A4tSQDIp75FqWTo,https://api.spotify.com/v1/tracks/3aW0ds4A4tSQDIp75FqWTo,https://api.spotify.com/v1/audio-analysis/3aW0ds4A4tSQDIp75FqWTo,242334,4
177,Feel Special,TWICE,25246,https://open.spotify.com/track/14rWuS6yllHOdfZ8sZsZUj,0.709,0.959,1,-1.339,1,0.0603,0.0296,0.00188,0.107,0.644,128.983,audio_features,14rWuS6yllHOdfZ8sZsZUj,spotify:track:14rWuS6yllHOdfZ8sZsZUj,https://api.spotify.com/v1/tracks/14rWuS6yllHOdfZ8sZsZUj,https://api.spotify.com/v1/audio-analysis/14rWuS6yllHOdfZ8sZsZUj,206868,4
178,愛唄,GReeeeN,25205,https://open.spotify.com/track/7iXHLtPosbHvglVSJ4rxLq,0.505,0.791,8,-3.729,1,0.0308,0.0839,0.0,0.187,0.425,169.964,audio_features,7iXHLtPosbHvglVSJ4rxLq,spotify:track:7iXHLtPosbHvglVSJ4rxLq,https://api.spotify.com/v1/tracks/7iXHLtPosbHvglVSJ4rxLq,https://api.spotify.com/v1/audio-analysis/7iXHLtPosbHvglVSJ4rxLq,236253,4
179,silent,SEKAI NO OWARI,24898,https://open.spotify.com/track/7LsVUX6kePVHSohmWmAwaO,0.508,0.621,0,-5.319,1,0.0341,0.461,0.0,0.139,0.401,87.96,audio_features,7LsVUX6kePVHSohmWmAwaO,spotify:track:7LsVUX6kePVHSohmWmAwaO,https://api.spotify.com/v1/tracks/7LsVUX6kePVHSohmWmAwaO,https://api.spotify.com/v1/audio-analysis/7LsVUX6kePVHSohmWmAwaO,310373,4
180,ON,BTS,24772,https://open.spotify.com/track/3cbLHmmEPvTgHKvl53WYiy,0.583,0.817,9,-5.146,0,0.099,0.118,0.0,0.338,0.437,105.935,audio_features,3cbLHmmEPvTgHKvl53WYiy,spotify:track:3cbLHmmEPvTgHKvl53WYiy,https://api.spotify.com/v1/tracks/3cbLHmmEPvTgHKvl53WYiy,https://api.spotify.com/v1/audio-analysis/3cbLHmmEPvTgHKvl53WYiy,246381,4
181,恋唄,Shota Shimizu,24610,https://open.spotify.com/track/3nmMpo6n2NcX6rU0TiQRXf,0.615,0.507,8,-8.076,1,0.0275,0.335,0.000462,0.0826,0.435,140.028,audio_features,3nmMpo6n2NcX6rU0TiQRXf,spotify:track:3nmMpo6n2NcX6rU0TiQRXf,https://api.spotify.com/v1/tracks/3nmMpo6n2NcX6rU0TiQRXf,https://api.spotify.com/v1/audio-analysis/3nmMpo6n2NcX6rU0TiQRXf,300893,4
182,うたかた歌,RADWIMPS,24530,https://open.spotify.com/track/6kXO7IRJUSVSzbUEhXdqJs,0.608,0.412,7,-5.655,1,0.0261,0.04,0.0,0.255,0.275,129.835,audio_features,6kXO7IRJUSVSzbUEhXdqJs,spotify:track:6kXO7IRJUSVSzbUEhXdqJs,https://api.spotify.com/v1/tracks/6kXO7IRJUSVSzbUEhXdqJs,https://api.spotify.com/v1/audio-analysis/6kXO7IRJUSVSzbUEhXdqJs,350626,4
183,ロマンチシズム,Mrs. GREEN APPLE,24499,https://open.spotify.com/track/0JcI7OdALbpSFkyKoufRYs,0.598,0.878,10,-3.144,1,0.0634,0.0038,0.0,0.0468,0.901,125.529,audio_features,0JcI7OdALbpSFkyKoufRYs,spotify:track:0JcI7OdALbpSFkyKoufRYs,https://api.spotify.com/v1/tracks/0JcI7OdALbpSFkyKoufRYs,https://api.spotify.com/v1/audio-analysis/0JcI7OdALbpSFkyKoufRYs,213613,4
184,花に亡霊,ヨルシカ,24459,https://open.spotify.com/track/3FUqp10RhCmMjyyB9extmo,0.646,0.45,4,-6.628,1,0.0482,0.573,0.0,0.0768,0.413,90.01,audio_features,3FUqp10RhCmMjyyB9extmo,spotify:track:3FUqp10RhCmMjyyB9extmo,https://api.spotify.com/v1/tracks/3FUqp10RhCmMjyyB9extmo,https://api.spotify.com/v1/audio-analysis/3FUqp10RhCmMjyyB9extmo,241227,4
185,Rainbow (feat. Taka),ReN,24425,https://open.spotify.com/track/6BuTdLWETxfrszBbnf2EzX,0.611,0.525,11,-6.541,1,0.0313,0.654,0.0,0.0911,0.451,124.975,audio_features,6BuTdLWETxfrszBbnf2EzX,spotify:track:6BuTdLWETxfrszBbnf2EzX,https://api.spotify.com/v1/tracks/6BuTdLWETxfrszBbnf2EzX,https://api.spotify.com/v1/audio-analysis/6BuTdLWETxfrszBbnf2EzX,220925,4
186,クリスマスソング,back number,24424,https://open.spotify.com/track/5P8ZvBQoCrujjNcLAxO3Su,0.404,0.705,4,-3.324,1,0.0315,0.128,0.0,0.123,0.42,154.02,audio_features,5P8ZvBQoCrujjNcLAxO3Su,spotify:track:5P8ZvBQoCrujjNcLAxO3Su,https://api.spotify.com/v1/tracks/5P8ZvBQoCrujjNcLAxO3Su,https://api.spotify.com/v1/audio-analysis/5P8ZvBQoCrujjNcLAxO3Su,340080,4
187,いつか,Saucy Dog,24409,https://open.spotify.com/track/0v3iUTe5rskRsxbUhboRlT,0.603,0.509,7,-4.535,1,0.0263,0.0941,0.0,0.201,0.445,79.989,audio_features,0v3iUTe5rskRsxbUhboRlT,spotify:track:0v3iUTe5rskRsxbUhboRlT,https://api.spotify.com/v1/tracks/0v3iUTe5rskRsxbUhboRlT,https://api.spotify.com/v1/audio-analysis/0v3iUTe5rskRsxbUhboRlT,274872,4
188,すきにやる,HENTAI SHINSHI CLUB,24408,https://open.spotify.com/track/1ZAf544wBzejgwnvenHYLU,0.7,0.689,1,-7.016,1,0.0857,0.15,0.0,0.156,0.713,93.132,audio_features,1ZAf544wBzejgwnvenHYLU,spotify:track:1ZAf544wBzejgwnvenHYLU,https://api.spotify.com/v1/tracks/1ZAf544wBzejgwnvenHYLU,https://api.spotify.com/v1/audio-analysis/1ZAf544wBzejgwnvenHYLU,217037,4
189,Love Song,Uru,24384,https://open.spotify.com/track/2aAuO61alPO20xyePFHjdf,0.575,0.583,9,-4.72,1,0.0309,0.569,0.0,0.0894,0.39,137.766,audio_features,2aAuO61alPO20xyePFHjdf,spotify:track:2aAuO61alPO20xyePFHjdf,https://api.spotify.com/v1/tracks/2aAuO61alPO20xyePFHjdf,https://api.spotify.com/v1/audio-analysis/2aAuO61alPO20xyePFHjdf,286413,4
190,別の人の彼女になったよ,wacci,24375,https://open.spotify.com/track/666wLEFj1AtTNBEcErygLz,0.528,0.617,2,-5.07,1,0.0263,0.0299,0.0,0.334,0.497,72.023,audio_features,666wLEFj1AtTNBEcErygLz,spotify:track:666wLEFj1AtTNBEcErygLz,https://api.spotify.com/v1/tracks/666wLEFj1AtTNBEcErygLz,https://api.spotify.com/v1/audio-analysis/666wLEFj1AtTNBEcErygLz,304813,4
191,Alcohol-Free,TWICE,24197,https://open.spotify.com/track/3iPbmpKBMflYd7UjdYftoj,0.688,0.909,8,-1.992,1,0.0624,0.0474,1.35e-06,0.0674,0.702,97.097,audio_features,3iPbmpKBMflYd7UjdYftoj,spotify:track:3iPbmpKBMflYd7UjdYftoj,https://api.spotify.com/v1/tracks/3iPbmpKBMflYd7UjdYftoj,https://api.spotify.com/v1/audio-analysis/3iPbmpKBMflYd7UjdYftoj,210573,4
192,ひまわりの約束,Motohiro Hata,24139,https://open.spotify.com/track/45jGOHwYKgsRYbAJ8DR61d,0.523,0.445,10,-6.359,1,0.0329,0.188,0.0,0.18,0.336,78.957,audio_features,45jGOHwYKgsRYbAJ8DR61d,spotify:track:45jGOHwYKgsRYbAJ8DR61d,https://api.spotify.com/v1/tracks/45jGOHwYKgsRYbAJ8DR61d,https://api.spotify.com/v1/audio-analysis/45jGOHwYKgsRYbAJ8DR61d,308147,4
193,オールドファッション,back number,24069,https://open.spotify.com/track/0Xn30nT5EKFPsWvpiJ2Iav,0.386,0.806,6,-3.647,1,0.0499,0.0788,0.0,0.104,0.394,175.953,audio_features,0Xn30nT5EKFPsWvpiJ2Iav,spotify:track:0Xn30nT5EKFPsWvpiJ2Iav,https://api.spotify.com/v1/tracks/0Xn30nT5EKFPsWvpiJ2Iav,https://api.spotify.com/v1/audio-analysis/0Xn30nT5EKFPsWvpiJ2Iav,254440,4
194,My Resort,¥ellow Bucks,24053,https://open.spotify.com/track/7p21ty59l7gtfhDX7rifLa,0.824,0.752,9,-4.496,1,0.035,0.0314,3.93e-06,0.122,0.739,117.991,audio_features,7p21ty59l7gtfhDX7rifLa,spotify:track:7p21ty59l7gtfhDX7rifLa,https://api.spotify.com/v1/tracks/7p21ty59l7gtfhDX7rifLa,https://api.spotify.com/v1/audio-analysis/7p21ty59l7gtfhDX7rifLa,132813,4
195,Midnight,大森元貴,24028,https://open.spotify.com/track/1bI0Y0i234LFlO15koZMsI,0.638,0.75,1,-4.882,0,0.0554,0.0175,0.0,0.374,0.772,119.874,audio_features,1bI0Y0i234LFlO15koZMsI,spotify:track:1bI0Y0i234LFlO15koZMsI,https://api.spotify.com/v1/tracks/1bI0Y0i234LFlO15koZMsI,https://api.spotify.com/v1/audio-analysis/1bI0Y0i234LFlO15koZMsI,230271,4
196,ピースサイン,Kenshi Yonezu,23921,https://open.spotify.com/track/5aHfGUxRec6c41luxkDqhX,0.593,0.935,10,-3.853,0,0.0684,0.00221,0.0,0.315,0.618,100.003,audio_features,5aHfGUxRec6c41luxkDqhX,spotify:track:5aHfGUxRec6c41luxkDqhX,https://api.spotify.com/v1/tracks/5aHfGUxRec6c41luxkDqhX,https://api.spotify.com/v1/audio-analysis/5aHfGUxRec6c41luxkDqhX,238533,4
197,パラボラ,Official HIGE DANdism,23898,https://open.spotify.com/track/55pezTty1DSrrc8wlOMZbA,0.597,0.769,0,-6.081,0,0.032,0.00888,0.0,0.191,0.498,124.011,audio_features,55pezTty1DSrrc8wlOMZbA,spotify:track:55pezTty1DSrrc8wlOMZbA,https://api.spotify.com/v1/tracks/55pezTty1DSrrc8wlOMZbA,https://api.spotify.com/v1/audio-analysis/55pezTty1DSrrc8wlOMZbA,305813,4
198,なないろ,BUMP OF CHICKEN,23830,https://open.spotify.com/track/1k1zTwX433BlwP6FLOPBpD,0.593,0.862,9,-4.347,1,0.0299,0.0178,0.0,0.101,0.84,124.978,audio_features,1k1zTwX433BlwP6FLOPBpD,spotify:track:1k1zTwX433BlwP6FLOPBpD,https://api.spotify.com/v1/tracks/1k1zTwX433BlwP6FLOPBpD,https://api.spotify.com/v1/audio-analysis/1k1zTwX433BlwP6FLOPBpD,259878,4
199,何度でも,DREAMS COME TRUE,23819,https://open.spotify.com/track/6Qq8UOS6QzeSYFUVXC5wEB,0.551,0.768,4,-5.147,1,0.0386,0.213,0.0,0.253,0.35,100.037,audio_features,6Qq8UOS6QzeSYFUVXC5wEB,spotify:track:6Qq8UOS6QzeSYFUVXC5wEB,https://api.spotify.com/v1/tracks/6Qq8UOS6QzeSYFUVXC5wEB,https://api.spotify.com/v1/audio-analysis/6Qq8UOS6QzeSYFUVXC5wEB,222760,4
